<packdefinitions version="1.0">
<pack>
	<packtitle>Premiere Starter</packtitle>
	<packimage>premiere_starter</packimage>
	<packformat>Standard</packformat>
	<packkind>Sealed Deck</packkind>
	<packdoubles>yes</packdoubles>
	<packcommoncrit><field>Release</field><eval>IS</eval><data>Premiere</data></packcommoncrit>
	<chance>				
	<kind><qty>45</qty>
		<crit><field>Info</field><eval>IS</eval><data>C</data></crit>
	</kind>
	<kind><qty>13</qty>
		<crit><field>Info</field><eval>IS</eval><data>U</data></crit>
	</kind>
	<kind><qty>2</qty>
		<crit><field>Info</field><eval>IS</eval><data>R</data></crit>
	</kind>
	</chance>
</pack>
</packdefinitions>
<packdefinitions version="1.0">
<pack>
	<packtitle>OTSD</packtitle>
	<packimage>otsd_box</packimage>
	<packformat>Standard</packformat>
	<packkind>OTSD</packkind>
	<packdoubles>yes</packdoubles>
	<chance><prob>99</prob>
		<kind><qty>1</qty>
			<crit><field>Release</field><eval>IS</eval><data>OTSD</data></crit>
			<crit><field>Name</field><eval>IS</eval><data>Abandon Ship!</data></crit>
		</kind>
		<kind><qty>1</qty>
			<crit><field>Release</field><eval>IS</eval><data>OTSD</data></crit>
			<crit><field>Name</field><eval>IS</eval><data>Armus-Sticky Situation</data></crit>
		</kind>
		<kind><qty>1</qty>
			<crit><field>Release</field><eval>IS</eval><data>OTSD</data></crit>
			<crit><field>Name</field><eval>IS</eval><data>Hippocratic Oath</data></crit>
		</kind>
		<kind><qty>1</qty>
			<crit><field>Release</field><eval>IS</eval><data>OTSD</data></crit>
			<crit><field>Name</field><eval>IS</eval><data>Make us go</data></crit>
		</kind>
		<kind><qty>1</qty>
			<crit><field>Release</field><eval>IS</eval><data>OTSD</data></crit>
			<crit><field>Name</field><eval>IS</eval><data>Unscientific Method</data></crit>
		</kind>
		<kind><qty>1</qty>
			<crit><field>Release</field><eval>IS</eval><data>OTSD</data></crit>
			<crit><field>Name</field><eval>IS</eval><data>Spacedoor</data></crit>
		</kind>
		<kind><qty>1</qty>
			<crit><field>Release</field><eval>IS</eval><data>OTSD</data></crit>
			<crit><field>Name</field><eval>IS</eval><data>Space-Time Portal</data></crit>
		</kind>
		<kind><qty>1</qty>
			<crit><field>Release</field><eval>IS</eval><data>OTSD</data></crit>
			<crit><field>Name</field><eval>IS</eval><data>Treaty: Federation/Romulan/Klingon</data></crit>
		</kind>
		<kind><qty>1</qty>
			<crit><field>Release</field><eval>IS</eval><data>OTSD</data></crit>
			<crit><field>Name</field><eval>IS</eval><data>Husnock Outpost</data></crit>
		</kind>
		<kind><qty>1</qty>
			<crit><field>Release</field><eval>IS</eval><data>OTSD</data></crit>
			<crit><field>Name</field><eval>IS</eval><data>% Establish Relations</data></crit>
		</kind>
		<kind><qty>1</qty>
			<crit><field>Release</field><eval>IS</eval><data>OTSD</data></crit>
			<crit><field>Name</field><eval>IS</eval><data>% Explore Interstellar Matter</data></crit>
		</kind>
		<kind><qty>1</qty>
			<crit><field>Release</field><eval>IS</eval><data>OTSD</data></crit>
			<crit><field>Name</field><eval>IS</eval><data>% Impose Order</data></crit>
		</kind>
		<kind><qty>1</qty>
			<crit><field>Release</field><eval>IS</eval><data>OTSD</data></crit>
			<crit><field>Name</field><eval>IS</eval><data>% Investigate Incursion</data></crit>
		</kind>
		<kind><qty>1</qty>
			<crit><field>Release</field><eval>IS</eval><data>OTSD</data></crit>
			<crit><field>Name</field><eval>IS</eval><data>% Mineral Survey</data></crit>
		</kind>
		<kind><qty>1</qty>
			<crit><field>Release</field><eval>IS</eval><data>OTSD</data></crit>
			<crit><field>Name</field><eval>IS</eval><data>% Test Propulsion Systems</data></crit>
		</kind>
		<kind><qty>1</qty>
			<crit><field>Release</field><eval>IS</eval><data>OTSD</data></crit>
			<crit><field>Name</field><eval>IS</eval><data>Open Diplomatic Relations</data></crit>
		</kind>
		<kind><qty>1</qty>
			<crit><field>Release</field><eval>IS</eval><data>OTSD</data></crit>
			<crit><field>Name</field><eval>IS</eval><data>Reflection Therapy</data></crit>
		</kind>
		<kind><qty>1</qty>
			<crit><field>Release</field><eval>IS</eval><data>OTSD</data></crit>
			<crit><field>Name</field><eval>IS</eval><data>% Suna</data></crit>
		</kind>
		<kind><qty>1</qty>
			<crit><field>Release</field><eval>IS</eval><data>OTSD</data></crit>
			<crit><field>Name</field><eval>IS</eval><data>Hide and Seek</data></crit>
		</kind>
		<kind><qty>1</qty>
			<crit><field>Release</field><eval>IS</eval><data>OTSD</data></crit>
			<crit><field>Name</field><eval>IS</eval><data>% Darmok</data></crit>
		</kind>
		<kind><qty>4</qty>
			<crit><field>Release</field><eval>IS</eval><data>Premiere</data></crit>
			<crit><field>Rarity</field><eval>IS</eval><data>R</data></crit>
		</kind>
		<kind><qty>12</qty>
			<crit><field>Release</field><eval>IS</eval><data>Premiere</data></crit>
			<crit><field>Rarity</field><eval>IS</eval><data>U</data></crit>
		</kind>
		<kind><qty>44</qty>
			<crit><field>Release</field><eval>IS</eval><data>Premiere</data></crit>
			<crit><field>Rarity</field><eval>IS</eval><data>C</data></crit>
		</kind>
		<kind><qty>1</qty>
			<crit><field>Release</field><eval>IS</eval><data>AU</data></crit>
			<crit><field>Rarity</field><eval>IS</eval><data>R</data></crit>
		</kind>
		<kind><qty>3</qty>
			<crit><field>Release</field><eval>IS</eval><data>AU</data></crit>
			<crit><field>Rarity</field><eval>IS</eval><data>U</data></crit>
		</kind>
		<kind><qty>11</qty>
			<crit><field>Release</field><eval>IS</eval><data>AU</data></crit>
			<crit><field>Rarity</field><eval>IS</eval><data>C</data></crit>
		</kind>
	</chance>
	<chance><prob>1</prob>
		<kind><qty>1</qty>
			<crit><field>Release</field><eval>IS</eval><data>OTSD</data></crit>
			<crit><field>Name</field><eval>IS</eval><data>Abandon Ship!</data></crit>
		</kind>
		<kind><qty>1</qty>
			<crit><field>Release</field><eval>IS</eval><data>OTSD</data></crit>
			<crit><field>Name</field><eval>IS</eval><data>Armus-Sticky Situation</data></crit>
		</kind>
		<kind><qty>1</qty>
			<crit><field>Release</field><eval>IS</eval><data>OTSD</data></crit>
			<crit><field>Name</field><eval>IS</eval><data>Hippocratic Oath</data></crit>
		</kind>
		<kind><qty>1</qty>
			<crit><field>Release</field><eval>IS</eval><data>OTSD</data></crit>
			<crit><field>Name</field><eval>IS</eval><data>Make us go</data></crit>
		</kind>
		<kind><qty>1</qty>
			<crit><field>Release</field><eval>IS</eval><data>OTSD</data></crit>
			<crit><field>Name</field><eval>IS</eval><data>Unscientific Method</data></crit>
		</kind>
		<kind><qty>1</qty>
			<crit><field>Release</field><eval>IS</eval><data>OTSD</data></crit>
			<crit><field>Name</field><eval>IS</eval><data>Spacedoor</data></crit>
		</kind>
		<kind><qty>1</qty>
			<crit><field>Release</field><eval>IS</eval><data>OTSD</data></crit>
			<crit><field>Name</field><eval>IS</eval><data>Space-Time Portal</data></crit>
		</kind>
		<kind><qty>1</qty>
			<crit><field>Release</field><eval>IS</eval><data>OTSD</data></crit>
			<crit><field>Name</field><eval>IS</eval><data>Treaty: Federation/Romulan/Klingon</data></crit>
		</kind>
		<kind><qty>1</qty>
			<crit><field>Release</field><eval>IS</eval><data>OTSD</data></crit>
			<crit><field>Name</field><eval>IS</eval><data>Husnock Outpost</data></crit>
		</kind>
		<kind><qty>1</qty>
			<crit><field>Release</field><eval>IS</eval><data>OTSD</data></crit>
			<crit><field>Name</field><eval>IS</eval><data>% Establish Relations</data></crit>
		</kind>
		<kind><qty>1</qty>
			<crit><field>Release</field><eval>IS</eval><data>OTSD</data></crit>
			<crit><field>Name</field><eval>IS</eval><data>% Explore Interstellar Matter</data></crit>
		</kind>
		<kind><qty>1</qty>
			<crit><field>Release</field><eval>IS</eval><data>OTSD</data></crit>
			<crit><field>Name</field><eval>IS</eval><data>% Impose Order</data></crit>
		</kind>
		<kind><qty>1</qty>
			<crit><field>Release</field><eval>IS</eval><data>OTSD</data></crit>
			<crit><field>Name</field><eval>IS</eval><data>% Investigate Incursion</data></crit>
		</kind>
		<kind><qty>1</qty>
			<crit><field>Release</field><eval>IS</eval><data>OTSD</data></crit>
			<crit><field>Name</field><eval>IS</eval><data>% Mineral Survey</data></crit>
		</kind>
		<kind><qty>1</qty>
			<crit><field>Release</field><eval>IS</eval><data>OTSD</data></crit>
			<crit><field>Name</field><eval>IS</eval><data>% Test Propulsion Systems</data></crit>
		</kind>
		<kind><qty>1</qty>
			<crit><field>Release</field><eval>IS</eval><data>OTSD</data></crit>
			<crit><field>Name</field><eval>IS</eval><data>Open Diplomatic Relations</data></crit>
		</kind>
		<kind><qty>1</qty>
			<crit><field>Release</field><eval>IS</eval><data>OTSD</data></crit>
			<crit><field>Name</field><eval>IS</eval><data>Reflection Therapy</data></crit>
		</kind>
		<kind><qty>1</qty>
			<crit><field>Release</field><eval>IS</eval><data>OTSD</data></crit>
			<crit><field>Name</field><eval>IS</eval><data>% Suna</data></crit>
		</kind>
		<kind><qty>1</qty>
			<crit><field>Release</field><eval>IS</eval><data>OTSD</data></crit>
			<crit><field>Name</field><eval>IS</eval><data>Hide and Seek</data></crit>
		</kind>
		<kind><qty>1</qty>
			<crit><field>Release</field><eval>IS</eval><data>OTSD</data></crit>
			<crit><field>Name</field><eval>IS</eval><data>% Darmok</data></crit>
		</kind>
		<kind><qty>4</qty>
			<crit><field>Release</field><eval>IS</eval><data>Premiere</data></crit>
			<crit><field>Rarity</field><eval>IS</eval><data>R</data></crit>
		</kind>
		<kind><qty>12</qty>
			<crit><field>Release</field><eval>IS</eval><data>Premiere</data></crit>
			<crit><field>Rarity</field><eval>IS</eval><data>U</data></crit>
		</kind>
		<kind><qty>44</qty>
			<crit><field>Release</field><eval>IS</eval><data>Premiere</data></crit>
			<crit><field>Rarity</field><eval>IS</eval><data>C</data></crit>
		</kind>
		<kind><qty>1</qty>
			<crit><field>Release</field><eval>IS</eval><data>AU</data></crit>
			<crit><field>Rarity</field><eval>IS</eval><data>R</data></crit>
		</kind>
		<kind><qty>3</qty>
			<crit><field>Release</field><eval>IS</eval><data>AU</data></crit>
			<crit><field>Rarity</field><eval>IS</eval><data>U</data></crit>
		</kind>
		<kind><qty>11</qty>
			<crit><field>Release</field><eval>IS</eval><data>AU</data></crit>
			<crit><field>Rarity</field><eval>IS</eval><data>C</data></crit>
		</kind>
	</chance>
</pack>
</packdefinitions>
<packdefinitions version="1.0">
<pack>
<packtitle>DS9 Starter</packtitle>
<packimage>deepspacenine_starter</packimage>
<packformat>Standard</packformat>
<packkind>Sealed Deck</packkind>
<packdoubles>yes</packdoubles>
<packcommoncrit><field>Release</field><eval>IS</eval><data>DS9</data></packcommoncrit>
<chance><prob>20</prob>
<kind><qty>1</qty><crit><field>Name</field><eval>IS</eval><data>% Rano Dake</data></crit></kind>
<kind><qty>1</qty><crit><field>Name</field><eval>IS</eval><data>Bajoran PADD</data></crit></kind>
<kind><qty>1</qty><crit><field>Name</field><eval>IS</eval><data>Characterize Neutrino Emissions</data></crit></kind>
<kind><qty>1</qty><crit><field>Name</field><eval>IS</eval><data>Misguided Activist</data></crit></kind>
<kind><qty>1</qty><crit><field>Name</field><eval>IS</eval><data>% Minister Rozahn</data></crit></kind>
<kind><qty>1</qty><crit><field>Name</field><eval>IS</eval><data>% Assault Vessel</data></crit></kind>
<kind><qty>1</qty><crit><field>Name</field><eval>IS</eval><data>% Bajoran Outpost</data></crit></kind>
<kind><qty>1</qty><crit><field>Name</field><eval>IS</eval><data>Relocate Settlers</data></crit></kind>
<kind><qty>1</qty><crit><field>Name</field><eval>IS</eval><data>Angry Mob</data></crit></kind>
<kind><qty>1</qty><crit><field>Name</field><eval>IS</eval><data>% Kallis Ven</data></crit></kind>
<kind><qty>1</qty><crit><field>Name</field><eval>IS</eval><data>% Rinnak Pire</data></crit></kind>
<kind><qty>1</qty><crit><field>Name</field><eval>IS</eval><data>Bajoran Phaser</data></crit></kind>
<kind><qty>1</qty><crit><field>Name</field><eval>IS</eval><data>% Study Plasma Storm</data></crit></kind>
<kind><qty>1</qty><crit><field>Name</field><eval>IS</eval><data>Garanian Bolites</data></crit></kind>
<kind><qty>1</qty><crit><field>Name</field><eval>IS</eval><data>% Anara</data></crit></kind>
<kind><qty>1</qty><crit><field>Name</field><eval>IS</eval><data>% Vedek Sorad</data></crit></kind>
<kind><qty>1</qty><crit><field>Name</field><eval>IS</eval><data>% Rase Norvan</data></crit></kind>
<kind><qty>1</qty><crit><field>Name</field><eval>IS</eval><data>Refuse Immigration</data></crit></kind>
<kind><qty>1</qty><crit><field>Name</field><eval>IS</eval><data>Brief Romance</data></crit></kind>
<kind><qty>1</qty><crit><field>Name</field><eval>IS</eval><data>% Rano Dake</data></crit></kind>
<kind><qty>1</qty><crit><field>Name</field><eval>IS</eval><data>% Bajoran Freighter</data></crit></kind>
<kind><qty>1</qty><crit><field>Name</field><eval>IS</eval><data>Treaty: Federation/Bajoran</data></crit></kind>
<kind><qty>1</qty><crit><field>Name</field><eval>IS</eval><data>Rescue Prisoners</data></crit></kind>
<kind><qty>1</qty><crit><field>Name</field><eval>IS</eval><data>Skullduggery</data></crit></kind>
<kind><qty>1</qty><crit><field>Name</field><eval>IS</eval><data>% Lojal</data></crit></kind>
<kind><qty>1</qty><crit><field>Name</field><eval>IS</eval><data>% Orren Ran</data></crit></kind>
<kind><qty>1</qty><crit><field>Name</field><eval>IS</eval><data>% Taylor Moore</data></crit></kind>
<kind><qty>1</qty><crit><field>Name</field><eval>IS</eval><data>Reignite Dead Star</data></crit></kind>
<kind><qty>1</qty><crit><field>Name</field><eval>IS</eval><data>Kidnappers</data></crit></kind>
<kind><qty>1</qty><crit><field>Name</field><eval>IS</eval><data>% Karen Loews</data></crit></kind>
<kind><qty>1</qty><crit><field>Name</field><eval>IS</eval><data>% U.S.S. Danube</data></crit></kind>
<kind><qty>1</qty><crit><field>Name</field><eval>IS</eval><data>% Paxton Reese</data></crit></kind>
<kind><qty>2</qty><crit><field>Rarity</field><eval>IS</eval><data>R</data></crit></kind>
<kind><qty>13</qty><crit><field>Rarity</field><eval>IS</eval><data>U</data></crit></kind>
<kind><qty>13</qty><crit><field>Rarity</field><eval>IS</eval><data>C</data></crit></kind>
</chance>
<chance><prob>20</prob>
<kind><qty>1</qty><crit><field>Name</field><eval>IS</eval><data>Search and Rescue</data></crit></kind>
<kind><qty>1</qty><crit><field>Name</field><eval>IS</eval><data>% Klaestron Outpost</data></crit></kind>
<kind><qty>1</qty><crit><field>Name</field><eval>IS</eval><data>None Shall Pass</data></crit></kind>
<kind><qty>1</qty><crit><field>Name</field><eval>IS</eval><data>% T'Lor</data></crit></kind>
<kind><qty>1</qty><crit><field>Name</field><eval>IS</eval><data>% Jace Michaels</data></crit></kind>
<kind><qty>1</qty><crit><field>Name</field><eval>IS</eval><data>Eliminate Virus</data></crit></kind>
<kind><qty>1</qty><crit><field>Name</field><eval>IS</eval><data>Aphasia Device</data></crit></kind>
<kind><qty>1</qty><crit><field>Name</field><eval>IS</eval><data>% Graham Davis</data></crit></kind>
<kind><qty>1</qty><crit><field>Name</field><eval>IS</eval><data>Treaty: Federation/Cardassian</data></crit></kind>
<kind><qty>1</qty><crit><field>Name</field><eval>IS</eval><data>% Jural</data></crit></kind>
<kind><qty>1</qty><crit><field>Name</field><eval>IS</eval><data>Intercept Renegade</data></crit></kind>
<kind><qty>1</qty><crit><field>Name</field><eval>IS</eval><data>Vendetta</data></crit></kind>
<kind><qty>1</qty><crit><field>Name</field><eval>IS</eval><data>% Derell</data></crit></kind>
<kind><qty>1</qty><crit><field>Name</field><eval>IS</eval><data>% Galor</data></crit></kind>
<kind><qty>1</qty><crit><field>Name</field><eval>IS</eval><data>Cardassian Disruptor</data></crit></kind>
<kind><qty>1</qty><crit><field>Name</field><eval>IS</eval><data>Kressari Rendezvous</data></crit></kind>
<kind><qty>1</qty><crit><field>Name</field><eval>IS</eval><data>Common Thief</data></crit></kind>
<kind><qty>1</qty><crit><field>Name</field><eval>IS</eval><data>% Dakol</data></crit></kind>
<kind><qty>1</qty><crit><field>Name</field><eval>IS</eval><data>% Ulani Belor</data></crit></kind>
<kind><qty>1</qty><crit><field>Name</field><eval>IS</eval><data>% Perak</data></crit></kind>
<kind><qty>1</qty><crit><field>Name</field><eval>IS</eval><data>Establish Station</data></crit></kind>
<kind><qty>1</qty><crit><field>Name</field><eval>IS</eval><data>Lockbox</data></crit></kind>
<kind><qty>1</qty><crit><field>Name</field><eval>IS</eval><data>% Ari</data></crit></kind>
<kind><qty>1</qty><crit><field>Name</field><eval>IS</eval><data>% Cardassian Shuttle</data></crit></kind>
<kind><qty>1</qty><crit><field>Name</field><eval>IS</eval><data>Cardassian PADD</data></crit></kind>
<kind><qty>1</qty><crit><field>Name</field><eval>IS</eval><data>Intercept Maquis</data></crit></kind>
<kind><qty>1</qty><crit><field>Name</field><eval>IS</eval><data>Assassin's Blade</data></crit></kind>
<kind><qty>1</qty><crit><field>Name</field><eval>IS</eval><data>% Cardassian Outpost</data></crit></kind>
<kind><qty>1</qty><crit><field>Name</field><eval>IS</eval><data>% Ghoren</data></crit></kind>
<kind><qty>1</qty><crit><field>Name</field><eval>IS</eval><data>% Parn</data></crit></kind>
<kind><qty>1</qty><crit><field>Name</field><eval>IS</eval><data>Search for Survivors</data></crit></kind>
<kind><qty>1</qty><crit><field>Name</field><eval>IS</eval><data>Assassin's Blade</data></crit></kind>
<kind><qty>2</qty><crit><field>Rarity</field><eval>IS</eval><data>R</data></crit></kind>
<kind><qty>13</qty><crit><field>Rarity</field><eval>IS</eval><data>U</data></crit></kind>
<kind><qty>13</qty><crit><field>Rarity</field><eval>IS</eval><data>C</data></crit></kind>
</chance>
<chance><prob>20</prob>
<kind><qty>1</qty><crit><field>Name</field><eval>IS</eval><data>% Coutu</data></crit></kind>
<kind><qty>1</qty><crit><field>Name</field><eval>IS</eval><data>% Flaxian Scout Vessel</data></crit></kind>
<kind><qty>1</qty><crit><field>Name</field><eval>IS</eval><data>% Rionoj</data></crit></kind>
<kind><qty>1</qty><crit><field>Name</field><eval>IS</eval><data>Verify Evidence</data></crit></kind>
<kind><qty>1</qty><crit><field>Name</field><eval>IS</eval><data>Isolinear Puzzle</data></crit></kind>
<kind><qty>1</qty><crit><field>Name</field><eval>IS</eval><data>% Dr. Nydom</data></crit></kind>
<kind><qty>1</qty><crit><field>Name</field><eval>IS</eval><data>% Kalita</data></crit></kind>
<kind><qty>1</qty><crit><field>Name</field><eval>IS</eval><data>% Ty Kajada</data></crit></kind>
<kind><qty>1</qty><crit><field>Name</field><eval>IS</eval><data>Acquire Illicit Explosives</data></crit></kind>
<kind><qty>1</qty><crit><field>Name</field><eval>IS</eval><data>Vole Infestation</data></crit></kind>
<kind><qty>1</qty><crit><field>Name</field><eval>IS</eval><data>% Amaros</data></crit></kind>
<kind><qty>1</qty><crit><field>Name</field><eval>IS</eval><data>% Xepolite Freighter</data></crit></kind>
<kind><qty>1</qty><crit><field>Name</field><eval>IS</eval><data>% Rax'Na</data></crit></kind>
<kind><qty>1</qty><crit><field>Name</field><eval>IS</eval><data>Deliver Supplies</data></crit></kind>
<kind><qty>1</qty><crit><field>Name</field><eval>IS</eval><data>Vantika's Neural Pathways</data></crit></kind>
<kind><qty>1</qty><crit><field>Name</field><eval>IS</eval><data>% Jaheel</data></crit></kind>
<kind><qty>1</qty><crit><field>Name</field><eval>IS</eval><data>% Rano Dake</data></crit></kind>
<kind><qty>1</qty><crit><field>Name</field><eval>IS</eval><data>Bajoran PADD</data></crit></kind>
<kind><qty>1</qty><crit><field>Name</field><eval>IS</eval><data>Characterize Neutrino Emissions</data></crit></kind>
<kind><qty>1</qty><crit><field>Name</field><eval>IS</eval><data>Misguided Activist</data></crit></kind>
<kind><qty>1</qty><crit><field>Name</field><eval>IS</eval><data>% Minister Rozahn</data></crit></kind>
<kind><qty>1</qty><crit><field>Name</field><eval>IS</eval><data>% Assault Vessel</data></crit></kind>
<kind><qty>1</qty><crit><field>Name</field><eval>IS</eval><data>% Bajoran Outpost</data></crit></kind>
<kind><qty>1</qty><crit><field>Name</field><eval>IS</eval><data>Relocate Settlers</data></crit></kind>
<kind><qty>1</qty><crit><field>Name</field><eval>IS</eval><data>Angry Mob</data></crit></kind>
<kind><qty>1</qty><crit><field>Name</field><eval>IS</eval><data>% Kallis Ven</data></crit></kind>
<kind><qty>1</qty><crit><field>Name</field><eval>IS</eval><data>% Rinnak Pire</data></crit></kind>
<kind><qty>1</qty><crit><field>Name</field><eval>IS</eval><data>Bajoran Phaser</data></crit></kind>
<kind><qty>1</qty><crit><field>Name</field><eval>IS</eval><data>% Study Plasma Storm</data></crit></kind>
<kind><qty>1</qty><crit><field>Name</field><eval>IS</eval><data>Garanian Bolites</data></crit></kind>
<kind><qty>1</qty><crit><field>Name</field><eval>IS</eval><data>% Anara</data></crit></kind>
<kind><qty>1</qty><crit><field>Name</field><eval>IS</eval><data>% Vedek Sorad</data></crit></kind>
<kind><qty>2</qty><crit><field>Rarity</field><eval>IS</eval><data>R</data></crit></kind>
<kind><qty>13</qty><crit><field>Rarity</field><eval>IS</eval><data>U</data></crit></kind>
<kind><qty>13</qty><crit><field>Rarity</field><eval>IS</eval><data>C</data></crit></kind>
</chance>
<chance><prob>20</prob>
<kind><qty>1</qty><crit><field>Name</field><eval>IS</eval><data>% Rase Norvan</data></crit></kind>
<kind><qty>1</qty><crit><field>Name</field><eval>IS</eval><data>Refuse Immigration</data></crit></kind>
<kind><qty>1</qty><crit><field>Name</field><eval>IS</eval><data>Brief Romance</data></crit></kind>
<kind><qty>1</qty><crit><field>Name</field><eval>IS</eval><data>% Rano Dake</data></crit></kind>
<kind><qty>1</qty><crit><field>Name</field><eval>IS</eval><data>% Bajoran Freighter</data></crit></kind>
<kind><qty>1</qty><crit><field>Name</field><eval>IS</eval><data>Treaty: Federation/Bajoran</data></crit></kind>
<kind><qty>1</qty><crit><field>Name</field><eval>IS</eval><data>Rescue Prisoners</data></crit></kind>
<kind><qty>1</qty><crit><field>Name</field><eval>IS</eval><data>Skullduggery</data></crit></kind>
<kind><qty>1</qty><crit><field>Name</field><eval>IS</eval><data>% Lojal</data></crit></kind>
<kind><qty>1</qty><crit><field>Name</field><eval>IS</eval><data>% Orren Ran</data></crit></kind>
<kind><qty>1</qty><crit><field>Name</field><eval>IS</eval><data>% Taylor Moore</data></crit></kind>
<kind><qty>1</qty><crit><field>Name</field><eval>IS</eval><data>Reignite Dead Star</data></crit></kind>
<kind><qty>1</qty><crit><field>Name</field><eval>IS</eval><data>Kidnappers</data></crit></kind>
<kind><qty>1</qty><crit><field>Name</field><eval>IS</eval><data>% Karen Loews</data></crit></kind>
<kind><qty>1</qty><crit><field>Name</field><eval>IS</eval><data>% U.S.S. Danube</data></crit></kind>
<kind><qty>1</qty><crit><field>Name</field><eval>IS</eval><data>% Paxton Reese</data></crit></kind>
<kind><qty>1</qty><crit><field>Name</field><eval>IS</eval><data>Search and Rescue</data></crit></kind>
<kind><qty>1</qty><crit><field>Name</field><eval>IS</eval><data>% Klaestron Outpost</data></crit></kind>
<kind><qty>1</qty><crit><field>Name</field><eval>IS</eval><data>None Shall Pass</data></crit></kind>
<kind><qty>1</qty><crit><field>Name</field><eval>IS</eval><data>% T'Lor</data></crit></kind>
<kind><qty>1</qty><crit><field>Name</field><eval>IS</eval><data>% Jace Michaels</data></crit></kind>
<kind><qty>1</qty><crit><field>Name</field><eval>IS</eval><data>Eliminate Virus</data></crit></kind>
<kind><qty>1</qty><crit><field>Name</field><eval>IS</eval><data>Aphasia Device</data></crit></kind>
<kind><qty>1</qty><crit><field>Name</field><eval>IS</eval><data>% Graham Davis</data></crit></kind>
<kind><qty>1</qty><crit><field>Name</field><eval>IS</eval><data>Treaty: Federation/Cardassian</data></crit></kind>
<kind><qty>1</qty><crit><field>Name</field><eval>IS</eval><data>% Jural</data></crit></kind>
<kind><qty>1</qty><crit><field>Name</field><eval>IS</eval><data>Intercept Renegade</data></crit></kind>
<kind><qty>1</qty><crit><field>Name</field><eval>IS</eval><data>Vendetta</data></crit></kind>
<kind><qty>1</qty><crit><field>Name</field><eval>IS</eval><data>% Derell</data></crit></kind>
<kind><qty>1</qty><crit><field>Name</field><eval>IS</eval><data>% Galor</data></crit></kind>
<kind><qty>1</qty><crit><field>Name</field><eval>IS</eval><data>Cardassian Disruptor</data></crit></kind>
<kind><qty>1</qty><crit><field>Name</field><eval>IS</eval><data>Kressari Rendezvous</data></crit></kind>
<kind><qty>2</qty><crit><field>Rarity</field><eval>IS</eval><data>R</data></crit></kind>
<kind><qty>13</qty><crit><field>Rarity</field><eval>IS</eval><data>U</data></crit></kind>
<kind><qty>13</qty><crit><field>Rarity</field><eval>IS</eval><data>C</data></crit></kind>
</chance>
<chance><prob>20</prob>
<kind><qty>1</qty><crit><field>Name</field><eval>IS</eval><data>Common Thief</data></crit></kind>
<kind><qty>1</qty><crit><field>Name</field><eval>IS</eval><data>% Dakol</data></crit></kind>
<kind><qty>1</qty><crit><field>Name</field><eval>IS</eval><data>% Ulani Belor</data></crit></kind>
<kind><qty>1</qty><crit><field>Name</field><eval>IS</eval><data>% Perak</data></crit></kind>
<kind><qty>1</qty><crit><field>Name</field><eval>IS</eval><data>Establish Station</data></crit></kind>
<kind><qty>1</qty><crit><field>Name</field><eval>IS</eval><data>Lockbox</data></crit></kind>
<kind><qty>1</qty><crit><field>Name</field><eval>IS</eval><data>% Ari</data></crit></kind>
<kind><qty>1</qty><crit><field>Name</field><eval>IS</eval><data>% Cardassian Shuttle</data></crit></kind>
<kind><qty>1</qty><crit><field>Name</field><eval>IS</eval><data>Cardassian PADD</data></crit></kind>
<kind><qty>1</qty><crit><field>Name</field><eval>IS</eval><data>Intercept Maquis</data></crit></kind>
<kind><qty>1</qty><crit><field>Name</field><eval>IS</eval><data>Assassin's Blade</data></crit></kind>
<kind><qty>1</qty><crit><field>Name</field><eval>IS</eval><data>% Cardassian Outpost</data></crit></kind>
<kind><qty>1</qty><crit><field>Name</field><eval>IS</eval><data>% Ghoren</data></crit></kind>
<kind><qty>1</qty><crit><field>Name</field><eval>IS</eval><data>% Parn</data></crit></kind>
<kind><qty>1</qty><crit><field>Name</field><eval>IS</eval><data>Search for Survivors</data></crit></kind>
<kind><qty>1</qty><crit><field>Name</field><eval>IS</eval><data>Assassin's Blade</data></crit></kind>
<kind><qty>1</qty><crit><field>Name</field><eval>IS</eval><data>% Coutu</data></crit></kind>
<kind><qty>1</qty><crit><field>Name</field><eval>IS</eval><data>% Flaxian Scout Vessel</data></crit></kind>
<kind><qty>1</qty><crit><field>Name</field><eval>IS</eval><data>% Rionoj</data></crit></kind>
<kind><qty>1</qty><crit><field>Name</field><eval>IS</eval><data>Verify Evidence</data></crit></kind>
<kind><qty>1</qty><crit><field>Name</field><eval>IS</eval><data>Isolinear Puzzle</data></crit></kind>
<kind><qty>1</qty><crit><field>Name</field><eval>IS</eval><data>% Dr. Nydom</data></crit></kind>
<kind><qty>1</qty><crit><field>Name</field><eval>IS</eval><data>% Kalita</data></crit></kind>
<kind><qty>1</qty><crit><field>Name</field><eval>IS</eval><data>% Ty Kajada</data></crit></kind>
<kind><qty>1</qty><crit><field>Name</field><eval>IS</eval><data>Acquire Illicit Explosives</data></crit></kind>
<kind><qty>1</qty><crit><field>Name</field><eval>IS</eval><data>Vole Infestation</data></crit></kind>
<kind><qty>1</qty><crit><field>Name</field><eval>IS</eval><data>% Amaros</data></crit></kind>
<kind><qty>1</qty><crit><field>Name</field><eval>IS</eval><data>% Xepolite Freighter</data></crit></kind>
<kind><qty>1</qty><crit><field>Name</field><eval>IS</eval><data>% Rax'Na</data></crit></kind>
<kind><qty>1</qty><crit><field>Name</field><eval>IS</eval><data>Deliver Supplies</data></crit></kind>
<kind><qty>1</qty><crit><field>Name</field><eval>IS</eval><data>Vantika's Neural Pathways</data></crit></kind>
<kind><qty>1</qty><crit><field>Name</field><eval>IS</eval><data>% Jaheel</data></crit></kind>
</chance>
</pack>
</packdefinitions>
</packdefinitions>
<packdefinitions version="1.0">
<pack>
	<packtitle>Starter Deck II</packtitle>
	<packimage>starterdeck2_starter</packimage>
	<packformat>Standard</packformat>
	<packkind>Sealed Deck</packkind>
	<packdoubles>yes</packdoubles>
	<chance>
		<kind><qty>1</qty>
			<crit><field>Release</field><eval>IS</eval><data>SD2</data></crit>
			<crit><field>Name</field><eval>IS</eval><data>Ferengi Trading Post</data></crit>
		</kind>
		<kind><qty>1</qty>
			<crit><field>Release</field><eval>IS</eval><data>SD2</data></crit>
			<crit><field>Name</field><eval>IS</eval><data>Memory Wipe</data></crit>
		</kind>
		<kind><qty>1</qty>
			<crit><field>Release</field><eval>IS</eval><data>SD2</data></crit>
			<crit><field>Name</field><eval>IS</eval><data>% Botanical Research</data></crit>
		</kind>
		<kind><qty>1</qty>
			<crit><field>Release</field><eval>IS</eval><data>SD2</data></crit>
			<crit><field>Name</field><eval>IS</eval><data>% Geological Survey</data></crit>
		</kind>
		<kind><qty>1</qty>
			<crit><field>Release</field><eval>IS</eval><data>SD2</data></crit>
			<crit><field>Name</field><eval>IS</eval><data>% Military Exercises</data></crit>
		</kind>
		<kind><qty>1</qty>
			<crit><field>Release</field><eval>IS</eval><data>SD2</data></crit>
			<crit><field>Name</field><eval>IS</eval><data>% Search for Weapons</data></crit>
		</kind>
		<kind><qty>1</qty>
			<crit><field>Release</field><eval>IS</eval><data>SD2</data></crit>
			<crit><field>Name</field><eval>IS</eval><data>Study Cometary Cloud</data></crit>
		</kind>
		<kind><qty>1</qty>
			<crit><field>Release</field><eval>IS</eval><data>SD2</data></crit>
			<crit><field>Name</field><eval>IS</eval><data>% Study Pulsar</data></crit>
		</kind>
		<kind><qty>2</qty>
			<crit><field>Release</field><eval>IS</eval><data>Premiere</data></crit>
			<crit><field>Rarity</field><eval>IS</eval><data>R</data></crit>
		</kind>
		<kind><qty>13</qty>
			<crit><field>Release</field><eval>IS</eval><data>Premiere</data></crit>
			<crit><field>Rarity</field><eval>IS</eval><data>U</data></crit>
		</kind>
		<kind><qty>45</qty>
			<crit><field>Release</field><eval>IS</eval><data>Premiere</data></crit>
			<crit><field>Rarity</field><eval>IS</eval><data>C</data></crit>
		</kind>
	</chance>
</pack>
<packdefinitions version="1.0">
<pack>
	<packtitle>Enhanced Premiere</packtitle>
	<packimage>enhancedpremiere_starter_all</packimage>
	<packformat>Standard</packformat>
	<packkind>Sealed Deck</packkind>
	<packdoubles>yes</packdoubles>
	<packcommoncrit><field>Info</field><eval>DOESNTCONTAIN</eval><data>*</data></packcommoncrit>
	<chance><prob>17</prob>
		<kind><qty>1</qty>
			<crit><field>Release</field><eval>IS</eval><data>EP</data></crit>
			<crit><field>Info</field><eval>IS</eval><data>1 P+</data></crit>
		</kind>	
		<kind><qty>4</qty>
			<crit><field>Release</field><eval>IS</eval><data>EP</data></crit>
			<crit><field>Info</field><eval>DOESNTCONTAIN</eval><data>+</data></crit>
		</kind>	
		<kind><qty>4</qty>
			<crit><field>Release</field><eval>IS</eval><data>Premiere</data></crit>
			<crit><field>Rarity</field><eval>IS</eval><data>R</data></crit>
		</kind>
		<kind><qty>12</qty>
			<crit><field>Release</field><eval>IS</eval><data>Premiere</data></crit>
			<crit><field>Rarity</field><eval>IS</eval><data>U</data></crit>
		</kind>
		<kind><qty>44</qty>
			<crit><field>Release</field><eval>IS</eval><data>Premiere</data></crit>
			<crit><field>Rarity</field><eval>IS</eval><data>C</data></crit>
		</kind>
	</chance>
	<chance><prob>17</prob>
		<kind><qty>1</qty>
			<crit><field>Release</field><eval>IS</eval><data>EP</data></crit>
			<crit><field>Info</field><eval>IS</eval><data>2 P+</data></crit>
		</kind>	
		<kind><qty>4</qty>
			<crit><field>Release</field><eval>IS</eval><data>EP</data></crit>
			<crit><field>Info</field><eval>DOESNTCONTAIN</eval><data>+</data></crit>
		</kind>	
		<kind><qty>4</qty>
			<crit><field>Release</field><eval>IS</eval><data>Premiere</data></crit>
			<crit><field>Rarity</field><eval>IS</eval><data>R</data></crit>
		</kind>
		<kind><qty>12</qty>
			<crit><field>Release</field><eval>IS</eval><data>Premiere</data></crit>
			<crit><field>Rarity</field><eval>IS</eval><data>U</data></crit>
		</kind>
		<kind><qty>44</qty>
			<crit><field>Release</field><eval>IS</eval><data>Premiere</data></crit>
			<crit><field>Rarity</field><eval>IS</eval><data>C</data></crit>
		</kind>
	</chance>
	<chance><prob>16</prob>
		<kind><qty>1</qty>
			<crit><field>Release</field><eval>IS</eval><data>EP</data></crit>
			<crit><field>Info</field><eval>IS</eval><data>3 P+</data></crit>
		</kind>	
		<kind><qty>4</qty>
			<crit><field>Release</field><eval>IS</eval><data>EP</data></crit>
			<crit><field>Info</field><eval>DOESNTCONTAIN</eval><data>+</data></crit>
		</kind>	
		<kind><qty>4</qty>
			<crit><field>Release</field><eval>IS</eval><data>Premiere</data></crit>
			<crit><field>Rarity</field><eval>IS</eval><data>R</data></crit>
		</kind>
		<kind><qty>12</qty>
			<crit><field>Release</field><eval>IS</eval><data>Premiere</data></crit>
			<crit><field>Rarity</field><eval>IS</eval><data>U</data></crit>
		</kind>
		<kind><qty>44</qty>
			<crit><field>Release</field><eval>IS</eval><data>Premiere</data></crit>
			<crit><field>Rarity</field><eval>IS</eval><data>C</data></crit>
		</kind>
	</chance>
	<chance><prob>17</prob>
		<kind><qty>1</qty>
			<crit><field>Release</field><eval>IS</eval><data>EP</data></crit>
			<crit><field>Info</field><eval>IS</eval><data>4 P+</data></crit>
		</kind>	
		<kind><qty>4</qty>
			<crit><field>Release</field><eval>IS</eval><data>EP</data></crit>
			<crit><field>Info</field><eval>DOESNTCONTAIN</eval><data>+</data></crit>
		</kind>	
		<kind><qty>4</qty>
			<crit><field>Release</field><eval>IS</eval><data>Premiere</data></crit>
			<crit><field>Rarity</field><eval>IS</eval><data>R</data></crit>
		</kind>
		<kind><qty>12</qty>
			<crit><field>Release</field><eval>IS</eval><data>Premiere</data></crit>
			<crit><field>Rarity</field><eval>IS</eval><data>U</data></crit>
		</kind>
		<kind><qty>44</qty>
			<crit><field>Release</field><eval>IS</eval><data>Premiere</data></crit>
			<crit><field>Rarity</field><eval>IS</eval><data>C</data></crit>
		</kind>
	</chance>
	<chance><prob>17</prob>
		<kind><qty>1</qty>
			<crit><field>Release</field><eval>IS</eval><data>EP</data></crit>
			<crit><field>Info</field><eval>IS</eval><data>5 P+</data></crit>
		</kind>	
		<kind><qty>4</qty>
			<crit><field>Release</field><eval>IS</eval><data>EP</data></crit>
			<crit><field>Info</field><eval>DOESNTCONTAIN</eval><data>+</data></crit>
		</kind>	
		<kind><qty>4</qty>
			<crit><field>Release</field><eval>IS</eval><data>Premiere</data></crit>
			<crit><field>Rarity</field><eval>IS</eval><data>R</data></crit>
		</kind>
		<kind><qty>12</qty>
			<crit><field>Release</field><eval>IS</eval><data>Premiere</data></crit>
			<crit><field>Rarity</field><eval>IS</eval><data>U</data></crit>
		</kind>
		<kind><qty>44</qty>
			<crit><field>Release</field><eval>IS</eval><data>Premiere</data></crit>
			<crit><field>Rarity</field><eval>IS</eval><data>C</data></crit>
		</kind>
	</chance>
	<chance><prob>16</prob>
		<kind><qty>1</qty>
			<crit><field>Release</field><eval>IS</eval><data>EP</data></crit>
			<crit><field>Info</field><eval>IS</eval><data>6 P+</data></crit>
		</kind>	
		<kind><qty>4</qty>
			<crit><field>Release</field><eval>IS</eval><data>EP</data></crit>
			<crit><field>Info</field><eval>DOESNTCONTAIN</eval><data>+</data></crit>
		</kind>	
		<kind><qty>4</qty>
			<crit><field>Release</field><eval>IS</eval><data>Premiere</data></crit>
			<crit><field>Rarity</field><eval>IS</eval><data>R</data></crit>
		</kind>
		<kind><qty>12</qty>
			<crit><field>Release</field><eval>IS</eval><data>Premiere</data></crit>
			<crit><field>Rarity</field><eval>IS</eval><data>U</data></crit>
		</kind>
		<kind><qty>44</qty>
			<crit><field>Release</field><eval>IS</eval><data>Premiere</data></crit>
			<crit><field>Rarity</field><eval>IS</eval><data>C</data></crit>
		</kind>
	</chance>
</pack>
</packdefinitions>
<packdefinitions version="1.0">
<pack>
	<packtitle>TWT Starter - Klingon</packtitle>
	<packimage>thetroublewithtribbles_starter_klingon</packimage>
	<packformat>Standard</packformat>
	<packkind>Sealed Deck</packkind>
	<packdoubles>yes</packdoubles>
	<chance>
	<kind><qty>1</qty>
		<crit><field>Name</field><eval>CONTAINS</eval><data>Alternate Universe Door</data></crit>
	</kind>
	<kind><qty>1</qty>
		<crit><field>Name</field><eval>CONTAINS</eval><data>Storage Compartment Door</data></crit>
	</kind>
	<kind><qty>1</qty>
		<crit><field>Name</field><eval>CONTAINS</eval><data>Bat'leth Tournament</data></crit>
	</kind>
	<kind><qty>1</qty>
		<crit><field>Name</field><eval>CONTAINS</eval><data>Fever Emergency</data></crit>
	</kind>
	<kind><qty>1</qty>
		<crit><field>Name</field><eval>CONTAINS</eval><data>Plunder Site</data></crit>
	</kind>
	<kind><qty>1</qty>
		<crit><field>Name</field><eval>CONTAINS</eval><data>Relief Mission</data></crit>
	</kind>
	<kind><qty>1</qty>
		<crit><field>Name</field><eval>CONTAINS</eval><data>Study Plasma Streamer</data></crit>
	</kind>
	<kind><qty>1</qty>
		<crit><field>Name</field><eval>CONTAINS</eval><data>Study Stellar Collision</data></crit>
	</kind>
	<kind><qty>1</qty>
		<crit><field>Name</field><eval>CONTAINS</eval><data>Anaphasic Organism *TWT</data></crit>
	</kind>
	<kind><qty>1</qty>
		<crit><field>Name</field><eval>CONTAINS</eval><data>Chula: Pick One to Save Two</data></crit>
	</kind>
	<kind><qty>1</qty>
		<crit><field>Name</field><eval>CONTAINS</eval><data>Crisis</data></crit>
	</kind>
	<kind><qty>1</qty>
		<crit><field>Name</field><eval>CONTAINS</eval><data>Dead End</data></crit>
	</kind>
	<kind><qty>1</qty>
		<crit><field>Name</field><eval>CONTAINS</eval><data>Female's Love Interest</data></crit>
	</kind>
	<kind><qty>1</qty>
		<crit><field>Name</field><eval>CONTAINS</eval><data>Gravimetric Distortion</data></crit>
	</kind>
	<kind><qty>1</qty>
		<crit><field>Name</field><eval>CONTAINS</eval><data>Lack of Preparation *TWT</data></crit>
	</kind>
	<kind><qty>1</qty>
		<crit><field>Name</field><eval>CONTAINS</eval><data>Lineup</data></crit>
	</kind>
	<kind><qty>1</qty>
		<crit><field>Name</field><eval>CONTAINS</eval><data>Malfunctioning Door *TWT</data></crit>
	</kind>
	<kind><qty>1</qty>
		<crit><field>Name</field><eval>CONTAINS</eval><data>Matriarchal Society *TWT</data></crit>
	</kind>
	<kind><qty>1</qty>
		<crit><field>Name</field><eval>CONTAINS</eval><data>Menthar Booby Trap</data></crit>
	</kind>
	<kind><qty>1</qty>
		<crit><field>Name</field><eval>CONTAINS</eval><data>Microvirus *TWT</data></crit>
	</kind>
	<kind><qty>1</qty>
		<crit><field>Name</field><eval>CONTAINS</eval><data>Nanites</data></crit>
	</kind>
	<kind><qty>1</qty>
		<crit><field>Name</field><eval>CONTAINS</eval><data>Primitive Culture *TWT</data></crit>
	</kind>
	<kind><qty>1</qty>
		<crit><field>Name</field><eval>CONTAINS</eval><data>Scientific Method *TWT</data></crit>
	</kind>
	<kind><qty>1</qty>
		<crit><field>Name</field><eval>CONTAINS</eval><data>Stellar Flare</data></crit>
	</kind>
	<kind><qty>1</qty>
		<crit><field>Name</field><eval>CONTAINS</eval><data>Klingon Outpost</data></crit>
	</kind>
	<kind><qty>2</qty>
		<crit><field>Name</field><eval>CONTAINS</eval><data>1 Tribble - GO</data></crit>
	</kind>
	<kind><qty>2</qty>
		<crit><field>Name</field><eval>CONTAINS</eval><data>10 Tribbles - Poison</data></crit>
	</kind>
	<kind><qty>2</qty>
		<crit><field>Name</field><eval>CONTAINS</eval><data>100 Tribbles - Rescue</data></crit>
	</kind>
	<kind><qty>2</qty>
		<crit><field>Name</field><eval>CONTAINS</eval><data>... In The Transporters</data></crit>
	</kind>
	<kind><qty>1</qty>
		<crit><field>Name</field><eval>CONTAINS</eval><data>Captain Koloth</data></crit>
	</kind>
	<kind><qty>1</qty>
		<crit><field>Name</field><eval>CONTAINS</eval><data>Coutu</data></crit>
	</kind>
	<kind><qty>1</qty>
		<crit><field>Name</field><eval>CONTAINS</eval><data>Daval</data></crit>
	</kind>
	<kind><qty>1</qty>
		<crit><field>Name</field><eval>CONTAINS</eval><data>Devinoni Ral</data></crit>
	</kind>
	<kind><qty>1</qty>
		<crit><field>Name</field><eval>CONTAINS</eval><data>Divok</data></crit>
	</kind>
	<kind><qty>1</qty>
		<crit><field>Name</field><eval>CONTAINS</eval><data>Dukath</data></crit>
	</kind>
	<kind><qty>1</qty>
		<crit><field>Name</field><eval>CONTAINS</eval><data>Gorta</data></crit>
	</kind>
	<kind><qty>1</qty>
		<crit><field>Name</field><eval>CONTAINS</eval><data>Hon'Tihl</data></crit>
	</kind>
	<kind><qty>1</qty>
		<crit><field>Name</field><eval>CONTAINS</eval><data>Kered</data></crit>
	</kind>
	<kind><qty>1</qty>
		<crit><field>Name</field><eval>CONTAINS</eval><data>K'nera</data></crit>
	</kind>
	<kind><qty>1</qty>
		<crit><field>Name</field><eval>CONTAINS</eval><data>Kromm</data></crit>
	</kind>
	<kind><qty>1</qty>
		<crit><field>Name</field><eval>CONTAINS</eval><data>Morka *TWT</data></crit>
	</kind>
	<kind><qty>1</qty>
		<crit><field>Name</field><eval>CONTAINS</eval><data>N'Garen</data></crit>
	</kind>
	<kind><qty>1</qty>
		<crit><field>Name</field><eval>CONTAINS</eval><data>Thopok</data></crit>
	</kind>
	<kind><qty>1</qty>
		<crit><field>Name</field><eval>CONTAINS</eval><data>T'Kar</data></crit>
	</kind>
	<kind><qty>1</qty>
		<crit><field>Name</field><eval>CONTAINS</eval><data>Vekma</data></crit>
	</kind>
	<kind><qty>1</qty>
		<crit><field>Name</field><eval>CONTAINS</eval><data>Vekor *TWT</data></crit>
	</kind>
	<kind><qty>1</qty>
		<crit><field>Name</field><eval>CONTAINS</eval><data>Wo'Din *TWT</data></crit>
	</kind>
	<kind><qty>2</qty>
		<crit><field>Name</field><eval>CONTAINS</eval><data>I.K.C. K'Vort</data></crit>
	</kind>
	<kind><qty>1</qty>
		<crit><field>Name</field><eval>CONTAINS</eval><data>I.K.C. Vor'Cha</data></crit>
	</kind>
	<kind><qty>1</qty>
		<crit><field>Name</field><eval>CONTAINS</eval><data>I.K.C. Vorn</data></crit>
	</kind>
	<kind><qty>1</qty>
		<crit><field>Name</field><eval>CONTAINS</eval><data>Miradorn Raider</data></crit>
	</kind>
	<kind><qty>2</qty>
		<crit><field>Name</field><eval>CONTAINS</eval><data>Bat'leth *TWT</data></crit>
	</kind>
	<kind><qty>1</qty>
		<crit><field>Name</field><eval>CONTAINS</eval><data>Medical Kit *TWT</data></crit>
	</kind>
	<kind><qty>1</qty>
		<crit><field>Name</field><eval>CONTAINS</eval><data>Res-Q *TWT</data></crit> 
	</kind>
	</chance>
	</pack>
</packdefinitions><packdefinitions version="1.0">
<pack>
	<packtitle>TWT Starter - Federation</packtitle>
	<packimage>thetroublewithtribbles_starter_federation</packimage>
	<packformat>Standard</packformat>
	<packkind>Sealed Deck</packkind>
	<packdoubles>yes</packdoubles>
	<chance>
	<kind><qty>1</qty>
		<crit><field>Name</field><eval>CONTAINS</eval><data>Alternate Universe Door</data></crit>
	</kind>
	<kind><qty>1</qty>
		<crit><field>Name</field><eval>CONTAINS</eval><data>Assign Mission Specialists</data></crit>
	</kind>
	<kind><qty>1</qty>
		<crit><field>Name</field><eval>CONTAINS</eval><data>Cargo Rendezvous</data></crit>
	</kind>
	<kind><qty>1</qty>
		<crit><field>Name</field><eval>CONTAINS</eval><data>Diplomacy Mission</data></crit>
	</kind>
	<kind><qty>1</qty>
		<crit><field>Name</field><eval>CONTAINS</eval><data>Investigate Coup</data></crit>
	</kind>
	<kind><qty>1</qty>
		<crit><field>Name</field><eval>CONTAINS</eval><data>Reignite Dead Star</data></crit>
	</kind>
	<kind><qty>1</qty>
		<crit><field>Name</field><eval>CONTAINS</eval><data>Search and Rescue</data></crit>
	</kind>
	<kind><qty>1</qty>
		<crit><field>Name</field><eval>CONTAINS</eval><data>Test Mission</data></crit>
	</kind>
	<kind><qty>1</qty>
		<crit><field>Name</field><eval>CONTAINS</eval><data>Archer *TWT</data></crit>
	</kind>
	<kind><qty>1</qty>
		<crit><field>Name</field><eval>CONTAINS</eval><data>Chula: The Abyss *TWT</data></crit>
	</kind>
	<kind><qty>1</qty>
		<crit><field>Name</field><eval>CONTAINS</eval><data>Chula</data></crit>
	</kind>
	<kind><qty>1</qty>
		<crit><field>Name</field><eval>CONTAINS</eval><data>Chula: The Lights *TWT</data></crit>
	</kind>
	<kind><qty>1</qty>
		<crit><field>Name</field><eval>CONTAINS</eval><data>Cosmic String Fragment</data></crit>
	</kind>
	<kind><qty>1</qty>
		<crit><field>Name</field><eval>CONTAINS</eval><data>Dangerous Liaisons</data></crit>
	</kind>
	<kind><qty>1</qty>
		<crit><field>Name</field><eval>CONTAINS</eval><data>Hazardous Duty *TWT</data></crit>
	</kind>
	<kind><qty>1</qty>
		<crit><field>Name</field><eval>CONTAINS</eval><data>Hunter Gangs</data></crit>
	</kind>
	<kind><qty>1</qty>
		<crit><field>Name</field><eval>CONTAINS</eval><data>Lack of Preparation</data></crit>
	</kind>
	<kind><qty>1</qty>
		<crit><field>Name</field><eval>CONTAINS</eval><data>Maglock</data></crit>
	</kind>
	<kind><qty>1</qty>
		<crit><field>Name</field><eval>CONTAINS</eval><data>Male’s Love Interest *TWT</data></crit>
	</kind>
	<kind><qty>1</qty>
		<crit><field>Name</field><eval>CONTAINS</eval><data>Menthar Booby Trap</data></crit>
	</kind>
	<kind><qty>1</qty>
		<crit><field>Name</field><eval>CONTAINS</eval><data>Microbiotic Colony</data></crit>
	</kind>
	<kind><qty>1</qty>
		<crit><field>Name</field><eval>CONTAINS</eval><data>Nausicaans</data></crit>
	</kind>
	<kind><qty>1</qty>
		<crit><field>Name</field><eval>CONTAINS</eval><data>Phased Matter</data></crit>
	</kind>
	<kind><qty>1</qty>
		<crit><field>Name</field><eval>CONTAINS</eval><data>Security Precautions *TWT</data></crit>
	</kind>
	<kind><qty>1</qty>
		<crit><field>Name</field><eval>CONTAINS</eval><data>Two-Dimensional Creatures</data></crit>
	</kind>
	<kind><qty>1</qty>
		<crit><field>Name</field><eval>CONTAINS</eval><data>Zaldan</data></crit>
	</kind>
	<kind><qty>1</qty>
		<crit><field>Name</field><eval>CONTAINS</eval><data>Federation Outpost</data></crit>
	</kind>
	<kind><qty>1</qty>
		<crit><field>Name</field><eval>CONTAINS</eval><data>Alyssa Ogawa *TWT</data></crit>
	</kind>
	<kind><qty>1</qty>
		<crit><field>Name</field><eval>CONTAINS</eval><data>B.G. Robinson</data></crit>
	</kind>
	<kind><qty>1</qty>
		<crit><field>Name</field><eval>CONTAINS</eval><data>Calloway</data></crit>
	</kind>
	<kind><qty>1</qty>
		<crit><field>Name</field><eval>CONTAINS</eval><data>Dr. Selar</data></crit>
	</kind>
	<kind><qty>1</qty>
		<crit><field>Name</field><eval>CONTAINS</eval><data>Fleet Admiral Shanthi *TWT</data></crit>
	</kind>
	<kind><qty>1</qty>
		<crit><field>Name</field><eval>CONTAINS</eval><data>Gibson</data></crit>
	</kind>
	<kind><qty>1</qty>
		<crit><field>Name</field><eval>CONTAINS</eval><data>Jace Michaels</data></crit>
	</kind>
	<kind><qty>1</qty>
		<crit><field>Name</field><eval>CONTAINS</eval><data>Lt. Grant</data></crit>
	</kind>
	<kind><qty>1</qty>
		<crit><field>Name</field><eval>CONTAINS</eval><data>Lt. Nagata</data></crit>
	</kind>
	<kind><qty>1</qty>
		<crit><field>Name</field><eval>CONTAINS</eval><data>Lt. Sisko</data></crit>
	</kind>
	<kind><qty>1</qty>
		<crit><field>Name</field><eval>CONTAINS</eval><data>Mendon</data></crit>
	</kind>
	<kind><qty>1</qty>
		<crit><field>Name</field><eval>CONTAINS</eval><data>Montgomery Scott *TWT</data></crit>
	</kind>
	<kind><qty>1</qty>
		<crit><field>Name</field><eval>CONTAINS</eval><data>Orren Ran</data></crit>
	</kind>
	<kind><qty>1</qty>
		<crit><field>Name</field><eval>CONTAINS</eval><data>Rager</data></crit>
	</kind>
	<kind><qty>1</qty>
		<crit><field>Name</field><eval>CONTAINS</eval><data>Rax’Na</data></crit>
	</kind>
	<kind><qty>1</qty>
		<crit><field>Name</field><eval>CONTAINS</eval><data>Sarita Carson</data></crit>
	</kind>
	<kind><qty>1</qty>
		<crit><field>Name</field><eval>CONTAINS</eval><data>Taitt</data></crit>
	</kind>
	<kind><qty>1</qty>
		<crit><field>Name</field><eval>CONTAINS</eval><data>Thomas McClure</data></crit>
	</kind>
	<kind><qty>1</qty>
		<crit><field>Name</field><eval>CONTAINS</eval><data>T’Shonra</data></crit>
	</kind>
	<kind><qty>1</qty>
		<crit><field>Name</field><eval>CONTAINS</eval><data>Runabout</data></crit>
	</kind>
	<kind><qty>1</qty>
		<crit><field>Name</field><eval>CONTAINS</eval><data>Starship Constitution</data></crit>
	</kind>
	<kind><qty>1</qty>
		<crit><field>Name</field><eval>CONTAINS</eval><data>U.S.S. Danube</data></crit>
	</kind>
	<kind><qty>1</qty>
		<crit><field>Name</field><eval>CONTAINS</eval><data>U.S.S. Galaxy</data></crit>
	</kind>
	<kind><qty>1</qty>
		<crit><field>Name</field><eval>CONTAINS</eval><data>U.S.S. Nebula</data></crit>
	</kind>
	<kind><qty>1</qty>
		<crit><field>Name</field><eval>CONTAINS</eval><data>Classic Communicator</data></crit>
	</kind>
	<kind><qty>1</qty>
		<crit><field>Name</field><eval>CONTAINS</eval><data>Medical Kit *TWT</data></crit>
	</kind>
	<kind><qty>1</qty>
		<crit><field>Name</field><eval>CONTAINS</eval><data>Plasmadyne Relay *TWT</data></crit>
	</kind>
	<kind><qty>1</qty>
		<crit><field>Name</field><eval>CONTAINS</eval><data>Starfleet Type I Phaser *TWT</data></crit>
	</kind>
	<kind><qty>1</qty>
		<crit><field>Name</field><eval>CONTAINS</eval><data>Plasma Fire</data></crit>
	</kind>
	<kind><qty>1</qty>
		<crit><field>Name</field><eval>CONTAINS</eval><data>Q-Net</data></crit>
	</kind>
	<kind><qty>1</qty>
		<crit><field>Name</field><eval>CONTAINS</eval><data>Where No One Has Gone Before</data></crit>
	</kind>
	<kind><qty>1</qty>
		<crit><field>Name</field><eval>CONTAINS</eval><data>Live Long and Prosper</data></crit>
	</kind>
	<kind><qty>1</qty>
		<crit><field>Name</field><eval>CONTAINS</eval><data>Remodulation</data></crit>
	</kind>
	</chance>
	</pack>
</packdefinitions>