<packdefinitions version="1.0">
<pack>
	<packtitle>Premiere Booster</packtitle>
	<packimage>premiere_pack</packimage>
	<packformat>Standard</packformat>
	<packkind>Booster</packkind>
	<packdoubles>yes</packdoubles>
	<packcommoncrit><field>Release</field><eval>IS</eval><data>Premiere</data></packcommoncrit>
	<chance>
		<kind><qty>1</qty>
			<crit><field>Rarity</field><eval>IS</eval><data>R</data></crit>
		</kind>
		<kind><qty>3</qty>
			<crit><field>Rarity</field><eval>IS</eval><data>U</data></crit>
		</kind>
		<kind><qty>11</qty>
			<crit><field>Rarity</field><eval>IS</eval><data>C</data></crit>
		</kind>
	</chance>
</pack>
</packdefinitions>
</packdefinitions>
<packdefinitions version="1.0">
<pack>
	<packtitle>Warp Pack</packtitle>
	<packimage>warp_pack</packimage>
	<packformat>Standard</packformat>
	<packkind>Booster</packkind>
	<chance>
	<kind><qty>1</qty>
		<crit><field>Name</field><eval>CONTAINS</eval><data>Yellow Alert</data></crit>
	</kind>
	<kind><qty>1</qty>
		<crit><field>Name</field><eval>CONTAINS</eval><data>Neutral Outpost</data></crit>
	</kind>
	<kind><qty>1</qty>
		<crit><field>Name</field><eval>CONTAINS</eval><data>Countermanda</data></crit>
	</kind>
	<kind><qty>1</qty>
		<crit><field>Name</field><eval>IS</eval><data>Excavation</data></crit>
	</kind>
	<kind><qty>1</qty>
		<crit><field>Name</field><eval>IS</eval><data>Investigate Anomaly</data></crit>
	</kind>
	<kind><qty>1</qty>
		<crit><field>Name</field><eval>IS</eval><data>Relief Mission</data></crit>
	</kind>
	<kind><qty>1</qty>
		<crit><field>Name</field><eval>IS</eval><data>Sensitive Search</data></crit>
	</kind>
	<kind><qty>1</qty>
		<crit><field>Name</field><eval>CONTAINS</eval><data>Study Plasma Streamer</data></crit>
	</kind>
	<kind><qty>1</qty>
		<crit><field>Name</field><eval>CONTAINS</eval><data>Study Stellar Collision</data></crit>
	</kind>
	<kind><qty>1</qty>
		<crit><field>Name</field><eval>IS</eval><data>Test Mission</data></crit>
	</kind>
	<kind><qty>1</qty>
		<crit><field>Name</field><eval>CONTAINS</eval><data>Montgomery Scott</data></crit>
	</kind>
	<kind><qty>1</qty>
		<crit><field>Name</field><eval>CONTAINS</eval><data>Gorta</data></crit>
	</kind>
	</chance>
	</pack>
</packdefinitions>
<packdefinitions version="1.0">
<pack>
	<packtitle>AU Booster</packtitle>
	<packimage>alternateuniverse_pack</packimage>
	<packformat>Standard</packformat>
	<packkind>Booster</packkind>
	<packdoubles>yes</packdoubles>
	<packcommoncrit><field>Release</field><eval>IS</eval><data>AU</data></packcommoncrit>
	<chance><prob>99</prob>
		<kind><qty>1</qty>
			<crit><field>Rarity</field><eval>IS</eval><data>R</data></crit>
		</kind>
		<kind><qty>3</qty>
			<crit><field>Rarity</field><eval>IS</eval><data>U</data></crit>
		</kind>
		<kind><qty>11</qty>
			<crit><field>Rarity</field><eval>IS</eval><data>C</data></crit>
		</kind>
	</chance>
	<chance><prob>1</prob>
		<kind><qty>1</qty>
			<crit><field>Rarity</field><eval>IS</eval><data>UR</data></crit>
		</kind>
		<kind><qty>3</qty>
			<crit><field>Rarity</field><eval>IS</eval><data>U</data></crit>
		</kind>
		<kind><qty>11</qty>
			<crit><field>Rarity</field><eval>IS</eval><data>C</data></crit>
		</kind>
	</chance>
</pack>
</packdefinitions>
<packdefinitions version="1.0">
<pack>
	<packtitle>Q-Continuum Booster</packtitle>
	<packimage>q-continuum_pack</packimage>
	<packformat>Standard</packformat>
	<packkind>Booster</packkind>
	<packdoubles>yes</packdoubles>
	<packcommoncrit><field>Release</field><eval>IS</eval><data>QC</data></packcommoncrit>
	<chance>
		<kind><qty>1</qty>
			<crit><field>Rarity</field><eval>IS</eval><data>R</data></crit>
		</kind>
		<kind><qty>3</qty>
			<crit><field>Rarity</field><eval>IS</eval><data>U</data></crit>
		</kind>
		<kind><qty>11</qty>
			<crit><field>Rarity</field><eval>IS</eval><data>C</data></crit>
		</kind>
	</chance>
</pack>
</packdefinitions>
<packdefinitions version="1.0">
<pack>
	<packtitle>First Contact Booster</packtitle>
	<packimage>firstcontact_pack</packimage>
	<packformat>Standard</packformat>
	<packkind>Booster</packkind>
	<packdoubles>yes</packdoubles>
	<packcommoncrit><field>Release</field><eval>IS</eval><data>FC</data></packcommoncrit>
	<chance>
		<kind><qty>1</qty>
			<crit><field>Rarity</field><eval>IS</eval><data>R</data></crit>
		</kind>
		<kind><qty>3</qty>
			<crit><field>Rarity</field><eval>IS</eval><data>U</data></crit>
		</kind>
		<kind><qty>5</qty>
			<crit><field>Rarity</field><eval>IS</eval><data>C</data></crit>
		</kind>
	</chance>
</pack>
</packdefinitions>
<packdefinitions version="1.0">
<pack>
	<packtitle>DS9 Booster</packtitle>
	<packimage>deepspacenine_pack</packimage>
	<packformat>Standard</packformat>
	<packkind>Booster</packkind>
	<packdoubles>yes</packdoubles>
	<chance><prob>99</prob>
		<kind><qty>1</qty>
			<crit><field>Rarity</field><eval>IS</eval><data>R</data></crit>
			<crit><field>Release</field><eval>IS</eval><data>DS9</data></crit>
		</kind>
		<kind><qty>3</qty>
			<crit><field>Rarity</field><eval>IS</eval><data>U</data></crit>
			<crit><field>Release</field><eval>IS</eval><data>DS9</data></crit>
		</kind>
		<kind><qty>5</qty>
			<crit><field>Rarity</field><eval>IS</eval><data>C</data></crit>
			<crit><field>Release</field><eval>IS</eval><data>DS9</data></crit>
		</kind>
	</chance>
	<chance><prob>1</prob>
		<kind><qty>1</qty>
			<crit><field>Name</field><eval>IS</eval><data>U.S.S. Defiant</data></crit>
			<crit><field>Release</field><eval>IS</eval><data>Dom</data></crit>
		</kind>
		<kind><qty>3</qty>
			<crit><field>Rarity</field><eval>IS</eval><data>U</data></crit>
			<crit><field>Release</field><eval>IS</eval><data>DS9</data></crit>
		</kind>
		<kind><qty>5</qty>
			<crit><field>Release</field><eval>IS</eval><data>DS9</data></crit>
			<crit><field>Rarity</field><eval>IS</eval><data>C</data></crit>
		</kind>
	</chance>
</pack>
</packdefinitions>
<packdefinitions version="1.0">
<pack>
	<packtitle>Dominion Booster</packtitle>
	<packimage>thedominion_pack</packimage>
	<packformat>Standard</packformat>
	<packkind>Booster</packkind>
	<packdoubles>yes</packdoubles>
	<chance><prob>96</prob>
		<kind><qty>1</qty>
			<crit><field>Rarity</field><eval>IS</eval><data>R</data></crit>
			<crit><field>Release</field><eval>IS</eval><data>Dom</data></crit>
		</kind>
		<kind><qty>3</qty>
			<crit><field>Rarity</field><eval>IS</eval><data>U</data></crit>
			<crit><field>Release</field><eval>IS</eval><data>Dom</data></crit>
		</kind>
		<kind><qty>5</qty>
			<crit><field>Rarity</field><eval>IS</eval><data>C</data></crit>
			<crit><field>Release</field><eval>IS</eval><data>Dom</data></crit>
		</kind>
	</chance>
	<chance><prob>1</prob>
		<kind><qty>1</qty>
			<crit><field>Name</field><eval>IS</eval><data>Seven of Nine</data></crit>
			<crit><field>Release</field><eval>IS</eval><data>Borg</data></crit>
		</kind>
		<kind><qty>3</qty>
			<crit><field>Rarity</field><eval>IS</eval><data>U</data></crit>
			<crit><field>Release</field><eval>IS</eval><data>Dom</data></crit>
		</kind>
		<kind><qty>5</qty>
			<crit><field>Rarity</field><eval>IS</eval><data>C</data></crit>
			<crit><field>Release</field><eval>IS</eval><data>Dom</data></crit>
		</kind>
	</chance>
	<chance><prob>1</prob>
		<kind><qty>1</qty>
			<crit><field>Name</field><eval>IS</eval><data>Admiral Riker</data></crit>
			<crit><field>Release</field><eval>IS</eval><data>AGT</data></crit>
		</kind>
		<kind><qty>3</qty>
			<crit><field>Rarity</field><eval>IS</eval><data>U</data></crit>
			<crit><field>Release</field><eval>IS</eval><data>Dom</data></crit>
		</kind>
		<kind><qty>5</qty>
			<crit><field>Rarity</field><eval>IS</eval><data>C</data></crit>
			<crit><field>Release</field><eval>IS</eval><data>Dom</data></crit>
		</kind>
	</chance>
	<chance><prob>1</prob>
		<kind><qty>1</qty>
			<crit><field>Name</field><eval>IS</eval><data>Captain Kirk</data></crit>
			<crit><field>Release</field><eval>IS</eval><data>TWT</data></crit>
		</kind>
		<kind><qty>3</qty>
			<crit><field>Rarity</field><eval>IS</eval><data>U</data></crit>
			<crit><field>Release</field><eval>IS</eval><data>Dom</data></crit>
		</kind>
		<kind><qty>5</qty>
			<crit><field>Rarity</field><eval>IS</eval><data>C</data></crit>
			<crit><field>Release</field><eval>IS</eval><data>Dom</data></crit>
		</kind>
	</chance>
	<chance><prob>1</prob>
		<kind><qty>1</qty>
			<crit><field>Name</field><eval>IS</eval><data>Worf Son of Mogh</data></crit>
			<crit><field>Release</field><eval>IS</eval><data>BOG</data></crit>
		</kind>
		<kind><qty>3</qty>
			<crit><field>Rarity</field><eval>IS</eval><data>U</data></crit>
			<crit><field>Release</field><eval>IS</eval><data>Dom</data></crit>
		</kind>
		<kind><qty>5</qty>
			<crit><field>Rarity</field><eval>IS</eval><data>C</data></crit>
			<crit><field>Release</field><eval>IS</eval><data>Dom</data></crit>
		</kind>
	</chance>
</pack>
</packdefinitions>
<packdefinitions version="1.0">
<pack>
	<packtitle>Blaze of Glory Booster</packtitle>
	<packimage>blazeofglory_pack</packimage>
	<packformat>Standard</packformat>
	<packkind>Booster</packkind>
	<packdoubles>yes</packdoubles>
	<packcommoncrit><field>Release</field><eval>IS</eval><data>BoG</data></packcommoncrit>
	<chance>
		<kind><qty>1</qty>
			<crit><field>Rarity</field><eval>IS</eval><data>R</data></crit>
		</kind>
		<kind><qty>3</qty>
			<crit><field>Rarity</field><eval>IS</eval><data>U</data></crit>
		</kind>
		<kind><qty>5</qty>
			<crit><field>Rarity</field><eval>IS</eval><data>C</data></crit>
		</kind>
	</chance>
</pack>
</packdefinitions>
<packdefinitions version="1.0">
<pack>
	<packtitle>Rules of Aquisition Booster</packtitle>
	<packimage>rulesofacquisition_pack</packimage>
	<packformat>Standard</packformat>
	<packkind>Booster</packkind>
	<packdoubles>yes</packdoubles>
	<packcommoncrit><field>Release</field><eval>IS</eval><data>ROA</data></packcommoncrit>
	<chance>
		<kind><qty>1</qty>
			<crit><field>Rarity</field><eval>IS</eval><data>R</data></crit>
		</kind>
		<kind><qty>3</qty>
			<crit><field>Rarity</field><eval>IS</eval><data>U</data></crit>
		</kind>
		<kind><qty>5</qty>
			<crit><field>Rarity</field><eval>IS</eval><data>C</data></crit>
		</kind>
	</chance>
</pack>
</packdefinitions>
<packdefinitions version="1.0">
<pack>
	<packtitle>TwT Booster</packtitle>
	<packimage>thetroublewithtribbles_pack</packimage>
	<packformat>Standard</packformat>
	<packkind>Booster</packkind>
	<packdoubles>yes</packdoubles>
	<packcommoncrit><field>Release</field><eval>IS</eval><data>TWT</data></packcommoncrit>
	<chance><prob>33</prob>
		<kind><qty>1</qty>
			<crit><field>Rarity</field><eval>IS</eval><data>R+</data></crit>
		</kind>
		<kind><qty>3</qty>
			<crit><field>Rarity</field><eval>IS</eval><data>U</data></crit>
		</kind>
		<kind><qty>7</qty>
			<crit><field>Rarity</field><eval>IS</eval><data>C</data></crit>
		</kind>
	</chance>
	<chance><prob>66</prob>
		<kind><qty>1</qty>
			<crit><field>Rarity</field><eval>IS</eval><data>R</data></crit>
		</kind>
		<kind><qty>3</qty>
			<crit><field>Rarity</field><eval>IS</eval><data>U</data></crit>
		</kind>
		<kind><qty>7</qty>
			<crit><field>Rarity</field><eval>IS</eval><data>C</data></crit>
		</kind>
	</chance>
	<chance><prob>1</prob>
		<kind><qty>1</qty>
			<crit><field>Rarity</field><eval>IS</eval><data>UR</data></crit>
		</kind>
		<kind><qty>3</qty>
			<crit><field>Rarity</field><eval>IS</eval><data>U</data></crit>
		</kind>
		<kind><qty>7</qty>
			<crit><field>Rarity</field><eval>IS</eval><data>C</data></crit>
		</kind>
	</chance>
</pack>
</packdefinitions>
<packdefinitions version="1.0">
<pack>
	<packtitle>Mirror, Mirror Booster</packtitle>
	<packimage>mirrormirror_pack</packimage>
	<packformat>Standard</packformat>
	<packkind>Booster</packkind>
	<packdoubles>yes</packdoubles>
	<packcommoncrit><field>Release</field><eval>IS</eval><data>MM</data></packcommoncrit>
	<chance><prob>4</prob>
		<kind><qty>1</qty>
			<crit><field>Rarity</field><eval>CONTAINS</eval><data>R</data></crit>
			<crit><field>Rarity</field><eval>DOESNTCONTAIN</eval><data>U</data></crit>
			<crit><field>Info</field><eval>DOESNTCONTAIN</eval><data>*</data></crit>
		</kind>
		<kind><qty>6</qty>
			<crit><field>Rarity</field><eval>IS</eval><data>U</data></crit>
			<crit><field>Info</field><eval>DOESNTCONTAIN</eval><data>*</data></crit>
		</kind>
		<kind><qty>4</qty>
			<crit><field>Rarity</field><eval>IS</eval><data>C</data></crit>
			<crit><field>Info</field><eval>DOESNTCONTAIN</eval><data>*</data></crit>
		</kind>
	</chance>
	<chance><prob>10</prob>
		<kind><qty>1</qty>
			<crit><field>Rarity</field><eval>CONTAINS</eval><data>R</data></crit>
			<crit><field>Rarity</field><eval>DOESNTCONTAIN</eval><data>U</data></crit>
			<crit><field>Info</field><eval>DOESNTCONTAIN</eval><data>*</data></crit>
		</kind>
		<kind><qty>5</qty>
			<crit><field>Rarity</field><eval>IS</eval><data>U</data></crit>
			<crit><field>Info</field><eval>DOESNTCONTAIN</eval><data>*</data></crit>
		</kind>
		<kind><qty>5</qty>
			<crit><field>Rarity</field><eval>IS</eval><data>C</data></crit>
			<crit><field>Info</field><eval>DOESNTCONTAIN</eval><data>*</data></crit>
		</kind>
	</chance>
	<chance><prob>16</prob>
		<kind><qty>1</qty>
			<crit><field>Rarity</field><eval>CONTAINS</eval><data>R</data></crit>
			<crit><field>Rarity</field><eval>DOESNTCONTAIN</eval><data>U</data></crit>
			<crit><field>Info</field><eval>DOESNTCONTAIN</eval><data>*</data></crit>
		</kind>
		<kind><qty>4</qty>
			<crit><field>Rarity</field><eval>IS</eval><data>U</data></crit>
			<crit><field>Info</field><eval>DOESNTCONTAIN</eval><data>*</data></crit>
		</kind>
		<kind><qty>6</qty>
			<crit><field>Rarity</field><eval>IS</eval><data>C</data></crit>
			<crit><field>Info</field><eval>DOESNTCONTAIN</eval><data>*</data></crit>
		</kind>
	</chance>
	<chance><prob>18</prob>
		<kind><qty>1</qty>
			<crit><field>Rarity</field><eval>CONTAINS</eval><data>R</data></crit>
			<crit><field>Rarity</field><eval>DOESNTCONTAIN</eval><data>U</data></crit>
			<crit><field>Info</field><eval>DOESNTCONTAIN</eval><data>*</data></crit>
		</kind>
		<kind><qty>3</qty>
			<crit><field>Rarity</field><eval>IS</eval><data>U</data></crit>
			<crit><field>Info</field><eval>DOESNTCONTAIN</eval><data>*</data></crit>
		</kind>
		<kind><qty>7</qty>
			<crit><field>Rarity</field><eval>IS</eval><data>C</data></crit>
			<crit><field>Info</field><eval>DOESNTCONTAIN</eval><data>*</data></crit>
		</kind>
	</chance>
	<chance><prob>12</prob>
		<kind><qty>1</qty>
			<crit><field>Rarity</field><eval>CONTAINS</eval><data>R</data></crit>
			<crit><field>Rarity</field><eval>DOESNTCONTAIN</eval><data>U</data></crit>
			<crit><field>Info</field><eval>DOESNTCONTAIN</eval><data>*</data></crit>
		</kind>
		<kind><qty>2</qty>
			<crit><field>Rarity</field><eval>IS</eval><data>U</data></crit>
			<crit><field>Info</field><eval>DOESNTCONTAIN</eval><data>*</data></crit>
		</kind>
		<kind><qty>8</qty>
			<crit><field>Rarity</field><eval>IS</eval><data>C</data></crit>
			<crit><field>Info</field><eval>DOESNTCONTAIN</eval><data>*</data></crit>
		</kind>
	</chance>
	<chance><prob>6</prob>
		<kind><qty>1</qty>
			<crit><field>Rarity</field><eval>CONTAINS</eval><data>R</data></crit>
			<crit><field>Rarity</field><eval>DOESNTCONTAIN</eval><data>U</data></crit>
			<crit><field>Info</field><eval>DOESNTCONTAIN</eval><data>*</data></crit>
		</kind>
		<kind><qty>1</qty>
			<crit><field>Rarity</field><eval>IS</eval><data>U</data></crit>
			<crit><field>Info</field><eval>DOESNTCONTAIN</eval><data>*</data></crit>
		</kind>
		<kind><qty>9</qty>
			<crit><field>Rarity</field><eval>IS</eval><data>C</data></crit>
			<crit><field>Info</field><eval>DOESNTCONTAIN</eval><data>*</data></crit>
		</kind>
	</chance>
	<chance><prob>2</prob>
		<kind><qty>1</qty>
			<crit><field>Rarity</field><eval>CONTAINS</eval><data>R+</data></crit>
			<crit><field>Info</field><eval>DOESNTCONTAIN</eval><data>*</data></crit>
		</kind>
		<kind><qty>6</qty>
			<crit><field>Rarity</field><eval>IS</eval><data>U</data></crit>
			<crit><field>Info</field><eval>DOESNTCONTAIN</eval><data>*</data></crit>
		</kind>
		<kind><qty>4</qty>
			<crit><field>Rarity</field><eval>IS</eval><data>C</data></crit>
			<crit><field>Info</field><eval>DOESNTCONTAIN</eval><data>*</data></crit>
		</kind>
	</chance>
	<chance><prob>5</prob>
		<kind><qty>1</qty>
			<crit><field>Rarity</field><eval>CONTAINS</eval><data>R+</data></crit>
			<crit><field>Info</field><eval>DOESNTCONTAIN</eval><data>*</data></crit>
		</kind>
		<kind><qty>5</qty>
			<crit><field>Rarity</field><eval>IS</eval><data>U</data></crit>
			<crit><field>Info</field><eval>DOESNTCONTAIN</eval><data>*</data></crit>
		</kind>
		<kind><qty>5</qty>
			<crit><field>Info</field><eval>DOESNTCONTAIN</eval><data>*</data></crit>
			<crit><field>Rarity</field><eval>IS</eval><data>C</data></crit>
		</kind>
	</chance>
	<chance><prob>8</prob>
		<kind><qty>1</qty>
			<crit><field>Rarity</field><eval>CONTAINS</eval><data>R+</data></crit>
			<crit><field>Info</field><eval>DOESNTCONTAIN</eval><data>*</data></crit>
		</kind>
		<kind><qty>4</qty>
			<crit><field>Rarity</field><eval>IS</eval><data>U</data></crit>
			<crit><field>Info</field><eval>DOESNTCONTAIN</eval><data>*</data></crit>
		</kind>
		<kind><qty>6</qty>
			<crit><field>Rarity</field><eval>IS</eval><data>C</data></crit>
			<crit><field>Info</field><eval>DOESNTCONTAIN</eval><data>*</data></crit>
		</kind>
	</chance>
	<chance><prob>9</prob>
		<kind><qty>1</qty>
			<crit><field>Rarity</field><eval>CONTAINS</eval><data>R+</data></crit>
			<crit><field>Info</field><eval>DOESNTCONTAIN</eval><data>*</data></crit>
		</kind>
		<kind><qty>3</qty>
			<crit><field>Rarity</field><eval>IS</eval><data>U</data></crit>
			<crit><field>Info</field><eval>DOESNTCONTAIN</eval><data>*</data></crit>
		</kind>
		<kind><qty>7</qty>
			<crit><field>Rarity</field><eval>IS</eval><data>C</data></crit>
			<crit><field>Info</field><eval>DOESNTCONTAIN</eval><data>*</data></crit>
		</kind>
	</chance>
	<chance><prob>6</prob>
		<kind><qty>1</qty>
			<crit><field>Rarity</field><eval>CONTAINS</eval><data>R+</data></crit>
			<crit><field>Info</field><eval>DOESNTCONTAIN</eval><data>*</data></crit>
		</kind>
		<kind><qty>2</qty>
			<crit><field>Rarity</field><eval>IS</eval><data>U</data></crit>
			<crit><field>Info</field><eval>DOESNTCONTAIN</eval><data>*</data></crit>
		</kind>
		<kind><qty>8</qty>
			<crit><field>Rarity</field><eval>IS</eval><data>C</data></crit>
			<crit><field>Info</field><eval>DOESNTCONTAIN</eval><data>*</data></crit>
		</kind>
	</chance>
	<chance><prob>3</prob>
		<kind><qty>1</qty>
			<crit><field>Rarity</field><eval>CONTAINS</eval><data>R+</data></crit>
			<crit><field>Info</field><eval>DOESNTCONTAIN</eval><data>*</data></crit>
		</kind>
		<kind><qty>1</qty>
			<crit><field>Rarity</field><eval>IS</eval><data>U</data></crit>
			<crit><field>Info</field><eval>DOESNTCONTAIN</eval><data>*</data></crit>
		</kind>
		<kind><qty>9</qty>
			<crit><field>Rarity</field><eval>IS</eval><data>C</data></crit>
			<crit><field>Info</field><eval>DOESNTCONTAIN</eval><data>*</data></crit>
		</kind>
	</chance>
<chance><prob>1</prob>
		<kind><qty>1</qty>
			<crit><field>Rarity</field><eval>CONTAINS</eval><data>UR</data></crit>
			<crit><field>Info</field><eval>DOESNTCONTAIN</eval><data>*</data></crit>
		</kind>
		<kind><qty>3</qty>
			<crit><field>Rarity</field><eval>IS</eval><data>U</data></crit>
			<crit><field>Info</field><eval>DOESNTCONTAIN</eval><data>*</data></crit>
		</kind>
		<kind><qty>7</qty>
			<crit><field>Rarity</field><eval>IS</eval><data>C</data></crit>
			<crit><field>Info</field><eval>DOESNTCONTAIN</eval><data>*</data></crit>
		</kind>
	</chance>
</pack>
</packdefinitions>
<packdefinitions version="1.0">
<pack>
	<packtitle>Voyager Booster</packtitle>
	<packimage>voyager_pack</packimage>
	<packformat>Standard</packformat>
	<packkind>Booster</packkind>
	<packdoubles>yes</packdoubles>
	<packcommoncrit><field>Release</field><eval>IS</eval><data>Voy</data></packcommoncrit>
	<chance><prob>99</prob>
		<kind><qty>1</qty>
			<crit><field>Rarity</field><eval>CONTAINS</eval><data>R</data></crit>
			<crit><field>Rarity</field><eval>DOESNTCONTAIN</eval><data>U</data></crit>
			<crit><field>Info</field><eval>DOESNTCONTAIN</eval><data>*</data></crit>
		</kind>
		<kind><qty>3</qty>
			<crit><field>Rarity</field><eval>IS</eval><data>U</data></crit>
			<crit><field>Info</field><eval>DOESNTCONTAIN</eval><data>*</data></crit>
		</kind>
		<kind><qty>7</qty>
			<crit><field>Rarity</field><eval>IS</eval><data>C</data></crit>
			<crit><field>Info</field><eval>DOESNTCONTAIN</eval><data>*</data></crit>
		</kind>
	</chance>
	<chance><prob>1</prob>
		<kind><qty>1</qty>
			<crit><field>Rarity</field><eval>IS</eval><data>UR</data></crit>
		</kind>
		<kind><qty>3</qty>
			<crit><field>Rarity</field><eval>IS</eval><data>U</data></crit>
			<crit><field>Info</field><eval>DOESNTCONTAIN</eval><data>*</data></crit>
		</kind>
		<kind><qty>7</qty>
			<crit><field>Rarity</field><eval>IS</eval><data>C</data></crit>
			<crit><field>Info</field><eval>DOESNTCONTAIN</eval><data>*</data></crit>
		</kind>
	</chance>
</pack>
</packdefinitions>
<packdefinitions version="1.0">
<pack>
	<packtitle>Borg Booster</packtitle>
	<packimage>theborg_pack</packimage>
	<packformat>Standard</packformat>
	<packkind>Booster</packkind>
	<packdoubles>yes</packdoubles>
	<packcommoncrit><field>Release</field><eval>CONTAINS</eval><data>Borg</data></packcommoncrit>
	<chance><prob>4</prob>
		<kind><qty>1</qty>
			<crit><field>Rarity</field><eval>CONTAINS</eval><data>R</data></crit>
			<crit><field>Rarity</field><eval>DOESNTCONTAIN</eval><data>U</data></crit>
			<crit><field>Info</field><eval>DOESNTCONTAIN</eval><data>*</data></crit>
		</kind>
		<kind><qty>6</qty>
			<crit><field>Rarity</field><eval>CONTAINS</eval><data>U</data></crit>
			<crit><field>Info</field><eval>DOESNTCONTAIN</eval><data>*</data></crit>
		</kind>
		<kind><qty>4</qty>
			<crit><field>Rarity</field><eval>CONTAINS</eval><data>C</data></crit>
			<crit><field>Info</field><eval>DOESNTCONTAIN</eval><data>*</data></crit>
		</kind>
	</chance>
	<chance><prob>10</prob>
		<kind><qty>1</qty>
			<crit><field>Rarity</field><eval>CONTAINS</eval><data>R</data></crit>
			<crit><field>Rarity</field><eval>DOESNTCONTAIN</eval><data>U</data></crit>
			<crit><field>Info</field><eval>DOESNTCONTAIN</eval><data>*</data></crit>
		</kind>
		<kind><qty>5</qty>
			<crit><field>Rarity</field><eval>CONTAINS</eval><data>U</data></crit>
			<crit><field>Info</field><eval>DOESNTCONTAIN</eval><data>*</data></crit>
		</kind>
		<kind><qty>5</qty>
			<crit><field>Rarity</field><eval>CONTAINS</eval><data>C</data></crit>
			<crit><field>Info</field><eval>DOESNTCONTAIN</eval><data>*</data></crit>
		</kind>
	</chance>
	<chance><prob>16</prob>
		<kind><qty>1</qty>
			<crit><field>Rarity</field><eval>CONTAINS</eval><data>R</data></crit>
			<crit><field>Rarity</field><eval>DOESNTCONTAIN</eval><data>U</data></crit>
			<crit><field>Info</field><eval>DOESNTCONTAIN</eval><data>*</data></crit>
		</kind>
		<kind><qty>4</qty>
			<crit><field>Rarity</field><eval>CONTAINS</eval><data>U</data></crit>
			<crit><field>Info</field><eval>DOESNTCONTAIN</eval><data>*</data></crit>
		</kind>
		<kind><qty>6</qty>
			<crit><field>Rarity</field><eval>CONTAINS</eval><data>C</data></crit>
			<crit><field>Info</field><eval>DOESNTCONTAIN</eval><data>*</data></crit>
		</kind>
	</chance>
	<chance><prob>18</prob>
		<kind><qty>1</qty>
			<crit><field>Rarity</field><eval>CONTAINS</eval><data>R</data></crit>
			<crit><field>Rarity</field><eval>DOESNTCONTAIN</eval><data>U</data></crit>
			<crit><field>Info</field><eval>DOESNTCONTAIN</eval><data>*</data></crit>
		</kind>
		<kind><qty>3</qty>
			<crit><field>Rarity</field><eval>CONTAINS</eval><data>U</data></crit>
			<crit><field>Info</field><eval>DOESNTCONTAIN</eval><data>*</data></crit>
		</kind>
		<kind><qty>7</qty>
			<crit><field>Rarity</field><eval>CONTAINS</eval><data>C</data></crit>
			<crit><field>Info</field><eval>DOESNTCONTAIN</eval><data>*</data></crit>
		</kind>
	</chance>
	<chance><prob>12</prob>
		<kind><qty>1</qty>
			<crit><field>Rarity</field><eval>CONTAINS</eval><data>R</data></crit>
			<crit><field>Rarity</field><eval>DOESNTCONTAIN</eval><data>U</data></crit>
			<crit><field>Info</field><eval>DOESNTCONTAIN</eval><data>*</data></crit>
		</kind>
		<kind><qty>2</qty>
			<crit><field>Rarity</field><eval>CONTAINS</eval><data>U</data></crit>
			<crit><field>Info</field><eval>DOESNTCONTAIN</eval><data>*</data></crit>
		</kind>
		<kind><qty>8</qty>
			<crit><field>Rarity</field><eval>CONTAINS</eval><data>C</data></crit>
			<crit><field>Info</field><eval>DOESNTCONTAIN</eval><data>*</data></crit>
		</kind>
	</chance>
	<chance><prob>6</prob>
		<kind><qty>1</qty>
			<crit><field>Rarity</field><eval>CONTAINS</eval><data>R</data></crit>
			<crit><field>Rarity</field><eval>DOESNTCONTAIN</eval><data>U</data></crit>
			<crit><field>Info</field><eval>DOESNTCONTAIN</eval><data>*</data></crit>
		</kind>
		<kind><qty>1</qty>
			<crit><field>Rarity</field><eval>CONTAINS</eval><data>U</data></crit>
			<crit><field>Info</field><eval>DOESNTCONTAIN</eval><data>*</data></crit>
		</kind>
		<kind><qty>9</qty>
			<crit><field>Rarity</field><eval>CONTAINS</eval><data>C</data></crit>
			<crit><field>Info</field><eval>DOESNTCONTAIN</eval><data>*</data></crit>
		</kind>
	</chance>
	<chance><prob>2</prob>
		<kind><qty>1</qty>
			<crit><field>Rarity</field><eval>CONTAINS</eval><data>R+</data></crit>
			<crit><field>Info</field><eval>DOESNTCONTAIN</eval><data>*</data></crit>
		</kind>
		<kind><qty>6</qty>
			<crit><field>Rarity</field><eval>CONTAINS</eval><data>U</data></crit>
			<crit><field>Info</field><eval>DOESNTCONTAIN</eval><data>*</data></crit>
		</kind>
		<kind><qty>4</qty>
			<crit><field>Rarity</field><eval>CONTAINS</eval><data>C</data></crit>
			<crit><field>Info</field><eval>DOESNTCONTAIN</eval><data>*</data></crit>
		</kind>
	</chance>
	<chance><prob>5</prob>
		<kind><qty>1</qty>
			<crit><field>Rarity</field><eval>CONTAINS</eval><data>R+</data></crit>
			<crit><field>Info</field><eval>DOESNTCONTAIN</eval><data>*</data></crit>
		</kind>
		<kind><qty>5</qty>
			<crit><field>Rarity</field><eval>CONTAINS</eval><data>U</data></crit>
			<crit><field>Info</field><eval>DOESNTCONTAIN</eval><data>*</data></crit>
		</kind>
		<kind><qty>5</qty>
			<crit><field>Rarity</field><eval>CONTAINS</eval><data>C</data></crit>
			<crit><field>Info</field><eval>DOESNTCONTAIN</eval><data>*</data></crit>
		</kind>
	</chance>
	<chance><prob>8</prob>
		<kind><qty>1</qty>
			<crit><field>Rarity</field><eval>CONTAINS</eval><data>R+</data></crit>
			<crit><field>Info</field><eval>DOESNTCONTAIN</eval><data>*</data></crit>
		</kind>
		<kind><qty>4</qty>
			<crit><field>Rarity</field><eval>CONTAINS</eval><data>U</data></crit>
			<crit><field>Info</field><eval>DOESNTCONTAIN</eval><data>*</data></crit>
		</kind>
		<kind><qty>6</qty>
			<crit><field>Rarity</field><eval>CONTAINS</eval><data>C</data></crit>
			<crit><field>Info</field><eval>DOESNTCONTAIN</eval><data>*</data></crit>
		</kind>
	</chance>
	<chance><prob>9</prob>
		<kind><qty>1</qty>
			<crit><field>Rarity</field><eval>CONTAINS</eval><data>R+</data></crit>
			<crit><field>Info</field><eval>DOESNTCONTAIN</eval><data>*</data></crit>
		</kind>
		<kind><qty>3</qty>
			<crit><field>Rarity</field><eval>CONTAINS</eval><data>U</data></crit>
			<crit><field>Info</field><eval>DOESNTCONTAIN</eval><data>*</data></crit>
		</kind>
		<kind><qty>7</qty>
			<crit><field>Rarity</field><eval>CONTAINS</eval><data>C</data></crit>
			<crit><field>Info</field><eval>DOESNTCONTAIN</eval><data>*</data></crit>
		</kind>
	</chance>
	<chance><prob>6</prob>
		<kind><qty>1</qty>
			<crit><field>Rarity</field><eval>CONTAINS</eval><data>R+</data></crit>
			<crit><field>Info</field><eval>DOESNTCONTAIN</eval><data>*</data></crit>
		</kind>
		<kind><qty>2</qty>
			<crit><field>Rarity</field><eval>CONTAINS</eval><data>U</data></crit>
			<crit><field>Info</field><eval>DOESNTCONTAIN</eval><data>*</data></crit>
		</kind>
		<kind><qty>8</qty>
			<crit><field>Rarity</field><eval>CONTAINS</eval><data>C</data></crit>
			<crit><field>Info</field><eval>DOESNTCONTAIN</eval><data>*</data></crit>
		</kind>
	</chance>
	<chance><prob>3</prob>
		<kind><qty>1</qty>
			<crit><field>Rarity</field><eval>CONTAINS</eval><data>R+</data></crit>
			<crit><field>Info</field><eval>DOESNTCONTAIN</eval><data>*</data></crit>
		</kind>
		<kind><qty>1</qty>
			<crit><field>Rarity</field><eval>CONTAINS</eval><data>U</data></crit>
			<crit><field>Info</field><eval>DOESNTCONTAIN</eval><data>*</data></crit>
		</kind>
		<kind><qty>9</qty>
			<crit><field>Rarity</field><eval>CONTAINS</eval><data>C</data></crit>
			<crit><field>Info</field><eval>DOESNTCONTAIN</eval><data>*</data></crit>
		</kind>
	</chance>
	<chance><prob>1</prob>
		<kind><qty>1</qty>
			<crit><field>Rarity</field><eval>CONTAINS</eval><data>UR</data></crit>
			<crit><field>Info</field><eval>DOESNTCONTAIN</eval><data>*</data></crit>
		</kind>
		<kind><qty>3</qty>
			<crit><field>Rarity</field><eval>CONTAINS</eval><data>U</data></crit>
			<crit><field>Info</field><eval>DOESNTCONTAIN</eval><data>*</data></crit>
		</kind>
		<kind><qty>7</qty>
			<crit><field>Rarity</field><eval>CONTAINS</eval><data>C</data></crit>
			<crit><field>Info</field><eval>DOESNTCONTAIN</eval><data>*</data></crit>
		</kind>
	</chance>
</pack>
</packdefinitions>
<packdefinitions version="1.0">
<pack>
	<packtitle>Holodeck Adventures Booster</packtitle>
	<packimage>holodeckadventures_pack</packimage>
	<packformat>Standard</packformat>
	<packkind>Booster</packkind>
	<packdoubles>yes</packdoubles>
	<packcommoncrit><field>Release</field><eval>IS</eval><data>HA</data></packcommoncrit>
	<chance><prob>4</prob>
		<kind><qty>1</qty>
			<crit><field>Rarity</field><eval>CONTAINS</eval><data>R</data></crit>
			<crit><field>Rarity</field><eval>DOESNTCONTAIN</eval><data>U</data></crit>
			<crit><field>Info</field><eval>DOESNTCONTAIN</eval><data>*</data></crit>
		</kind>
		<kind><qty>6</qty>
			<crit><field>Rarity</field><eval>IS</eval><data>U</data></crit>
			<crit><field>Info</field><eval>DOESNTCONTAIN</eval><data>*</data></crit>
		</kind>
		<kind><qty>4</qty>
			<crit><field>Rarity</field><eval>IS</eval><data>C</data></crit>
			<crit><field>Info</field><eval>DOESNTCONTAIN</eval><data>*</data></crit>
		</kind>
	</chance>
	<chance><prob>10</prob>
		<kind><qty>1</qty>
			<crit><field>Rarity</field><eval>CONTAINS</eval><data>R</data></crit>
			<crit><field>Rarity</field><eval>DOESNTCONTAIN</eval><data>U</data></crit>
			<crit><field>Info</field><eval>DOESNTCONTAIN</eval><data>*</data></crit>
		</kind>
		<kind><qty>5</qty>
			<crit><field>Rarity</field><eval>IS</eval><data>U</data></crit>
			<crit><field>Info</field><eval>DOESNTCONTAIN</eval><data>*</data></crit>
		</kind>
		<kind><qty>5</qty>
			<crit><field>Rarity</field><eval>IS</eval><data>C</data></crit>
			<crit><field>Info</field><eval>DOESNTCONTAIN</eval><data>*</data></crit>
		</kind>
	</chance>
	<chance><prob>16</prob>
		<kind><qty>1</qty>
			<crit><field>Rarity</field><eval>CONTAINS</eval><data>R</data></crit>
			<crit><field>Rarity</field><eval>DOESNTCONTAIN</eval><data>U</data></crit>
			<crit><field>Info</field><eval>DOESNTCONTAIN</eval><data>*</data></crit>
		</kind>
		<kind><qty>4</qty>
			<crit><field>Rarity</field><eval>IS</eval><data>U</data></crit>
			<crit><field>Info</field><eval>DOESNTCONTAIN</eval><data>*</data></crit>
		</kind>
		<kind><qty>6</qty>
			<crit><field>Rarity</field><eval>IS</eval><data>C</data></crit>
			<crit><field>Info</field><eval>DOESNTCONTAIN</eval><data>*</data></crit>
		</kind>
	</chance>
	<chance><prob>18</prob>
		<kind><qty>1</qty>
			<crit><field>Rarity</field><eval>CONTAINS</eval><data>R</data></crit>
			<crit><field>Rarity</field><eval>DOESNTCONTAIN</eval><data>U</data></crit>
			<crit><field>Info</field><eval>DOESNTCONTAIN</eval><data>*</data></crit>
		</kind>
		<kind><qty>3</qty>
			<crit><field>Rarity</field><eval>IS</eval><data>U</data></crit>
			<crit><field>Info</field><eval>DOESNTCONTAIN</eval><data>*</data></crit>
		</kind>
		<kind><qty>7</qty>
			<crit><field>Rarity</field><eval>IS</eval><data>C</data></crit>
			<crit><field>Info</field><eval>DOESNTCONTAIN</eval><data>*</data></crit>
		</kind>
	</chance>
	<chance><prob>12</prob>
		<kind><qty>1</qty>
			<crit><field>Rarity</field><eval>CONTAINS</eval><data>R</data></crit>
			<crit><field>Rarity</field><eval>DOESNTCONTAIN</eval><data>U</data></crit>
			<crit><field>Info</field><eval>DOESNTCONTAIN</eval><data>*</data></crit>
		</kind>
		<kind><qty>2</qty>
			<crit><field>Rarity</field><eval>IS</eval><data>U</data></crit>
			<crit><field>Info</field><eval>DOESNTCONTAIN</eval><data>*</data></crit>
		</kind>
		<kind><qty>8</qty>
			<crit><field>Rarity</field><eval>IS</eval><data>C</data></crit>
			<crit><field>Info</field><eval>DOESNTCONTAIN</eval><data>*</data></crit>
		</kind>
	</chance>
	<chance><prob>6</prob>
		<kind><qty>1</qty>
			<crit><field>Rarity</field><eval>CONTAINS</eval><data>R</data></crit>
			<crit><field>Rarity</field><eval>DOESNTCONTAIN</eval><data>U</data></crit>
			<crit><field>Info</field><eval>DOESNTCONTAIN</eval><data>*</data></crit>
		</kind>
		<kind><qty>1</qty>
			<crit><field>Rarity</field><eval>IS</eval><data>U</data></crit>
			<crit><field>Info</field><eval>DOESNTCONTAIN</eval><data>*</data></crit>
		</kind>
		<kind><qty>9</qty>
			<crit><field>Rarity</field><eval>IS</eval><data>C</data></crit>
			<crit><field>Info</field><eval>DOESNTCONTAIN</eval><data>*</data></crit>
		</kind>
	</chance>
	<chance><prob>2</prob>
		<kind><qty>1</qty>
			<crit><field>Rarity</field><eval>CONTAINS</eval><data>R+</data></crit>
			<crit><field>Info</field><eval>DOESNTCONTAIN</eval><data>*</data></crit>
		</kind>
		<kind><qty>6</qty>
			<crit><field>Rarity</field><eval>IS</eval><data>U</data></crit>
			<crit><field>Info</field><eval>DOESNTCONTAIN</eval><data>*</data></crit>
		</kind>
		<kind><qty>4</qty>
			<crit><field>Rarity</field><eval>IS</eval><data>C</data></crit>
			<crit><field>Info</field><eval>DOESNTCONTAIN</eval><data>*</data></crit>
		</kind>
	</chance>
	<chance><prob>5</prob>
		<kind><qty>1</qty>
			<crit><field>Rarity</field><eval>CONTAINS</eval><data>R+</data></crit>
			<crit><field>Info</field><eval>DOESNTCONTAIN</eval><data>*</data></crit>
		</kind>
		<kind><qty>5</qty>
			<crit><field>Rarity</field><eval>IS</eval><data>U</data></crit>
			<crit><field>Info</field><eval>DOESNTCONTAIN</eval><data>*</data></crit>
		</kind>
		<kind><qty>5</qty>
			<crit><field>Rarity</field><eval>IS</eval><data>C</data></crit>
			<crit><field>Info</field><eval>DOESNTCONTAIN</eval><data>*</data></crit>
		</kind>
	</chance>
	<chance><prob>8</prob>
		<kind><qty>1</qty>
			<crit><field>Rarity</field><eval>CONTAINS</eval><data>R+</data></crit>
			<crit><field>Info</field><eval>DOESNTCONTAIN</eval><data>*</data></crit>
		</kind>
		<kind><qty>4</qty>
			<crit><field>Rarity</field><eval>IS</eval><data>U</data></crit>
			<crit><field>Info</field><eval>DOESNTCONTAIN</eval><data>*</data></crit>
		</kind>
		<kind><qty>6</qty>
			<crit><field>Rarity</field><eval>IS</eval><data>C</data></crit>
			<crit><field>Info</field><eval>DOESNTCONTAIN</eval><data>*</data></crit>
		</kind>
	</chance>
	<chance><prob>9</prob>
		<kind><qty>1</qty>
			<crit><field>Rarity</field><eval>CONTAINS</eval><data>R+</data></crit>
			<crit><field>Info</field><eval>DOESNTCONTAIN</eval><data>*</data></crit>
		</kind>
		<kind><qty>3</qty>
			<crit><field>Rarity</field><eval>IS</eval><data>U</data></crit>
			<crit><field>Info</field><eval>DOESNTCONTAIN</eval><data>*</data></crit>
		</kind>
		<kind><qty>7</qty>
			<crit><field>Rarity</field><eval>IS</eval><data>C</data></crit>
			<crit><field>Info</field><eval>DOESNTCONTAIN</eval><data>*</data></crit>
		</kind>
	</chance>
	<chance><prob>6</prob>
		<kind><qty>1</qty>
			<crit><field>Rarity</field><eval>CONTAINS</eval><data>R+</data></crit>
			<crit><field>Info</field><eval>DOESNTCONTAIN</eval><data>*</data></crit>
		</kind>
		<kind><qty>2</qty>
			<crit><field>Rarity</field><eval>IS</eval><data>U</data></crit>
			<crit><field>Info</field><eval>DOESNTCONTAIN</eval><data>*</data></crit>
		</kind>
		<kind><qty>8</qty>
			<crit><field>Rarity</field><eval>IS</eval><data>C</data></crit>
			<crit><field>Info</field><eval>DOESNTCONTAIN</eval><data>*</data></crit>
		</kind>
	</chance>
	<chance><prob>3</prob>
		<kind><qty>1</qty>
			<crit><field>Rarity</field><eval>CONTAINS</eval><data>R+</data></crit>
			<crit><field>Info</field><eval>DOESNTCONTAIN</eval><data>*</data></crit>
		</kind>
		<kind><qty>1</qty>
			<crit><field>Rarity</field><eval>IS</eval><data>U</data></crit>
			<crit><field>Info</field><eval>DOESNTCONTAIN</eval><data>*</data></crit>
		</kind>
		<kind><qty>9</qty>
			<crit><field>Rarity</field><eval>IS</eval><data>C</data></crit>
			<crit><field>Info</field><eval>DOESNTCONTAIN</eval><data>*</data></crit>
		</kind>
	</chance>
    <chance><prob>1</prob>
		<kind><qty>1</qty>
			<crit><field>Rarity</field><eval>CONTAINS</eval><data>UR</data></crit>
			<crit><field>Info</field><eval>DOESNTCONTAIN</eval><data>*</data></crit>
		</kind>
		<kind><qty>3</qty>
			<crit><field>Rarity</field><eval>IS</eval><data>U</data></crit>
			<crit><field>Info</field><eval>DOESNTCONTAIN</eval><data>*</data></crit>
		</kind>
		<kind><qty>7</qty>
			<crit><field>Rarity</field><eval>IS</eval><data>C</data></crit>
			<crit><field>Info</field><eval>DOESNTCONTAIN</eval><data>*</data></crit>
		</kind>
	</chance>
</pack>
</packdefinitions>
<packdefinitions version="1.0">
<pack>
	<packtitle>The Motion Pictures Booster</packtitle>
	<packimage>themotionpictures_pack</packimage>
	<packformat>Standard</packformat>
	<packkind>Booster</packkind>
	<packdoubles>yes</packdoubles>
	<packcommoncrit><field>Release</field><eval>IS</eval><data>TMP</data></packcommoncrit>
	<chance><prob>8</prob>
		<kind><qty>1</qty>
			<crit><field>Rarity</field><eval>CONTAINS</eval><data>R</data></crit>
			<crit><field>Rarity</field><eval>DOESNTCONTAIN</eval><data>U</data></crit>
			<crit><field>Info</field><eval>DOESNTCONTAIN</eval><data>*</data></crit>
		</kind>
		<kind><qty>6</qty>
			<crit><field>Rarity</field><eval>IS</eval><data>U</data></crit>
			<crit><field>Info</field><eval>DOESNTCONTAIN</eval><data>*</data></crit>
		</kind>
		<kind><qty>4</qty>
			<crit><field>Rarity</field><eval>IS</eval><data>C</data></crit>
			<crit><field>Info</field><eval>DOESNTCONTAIN</eval><data>*</data></crit>
		</kind>
	</chance>
	<chance><prob>14</prob>
		<kind><qty>1</qty>
			<crit><field>Rarity</field><eval>CONTAINS</eval><data>R</data></crit>
			<crit><field>Rarity</field><eval>DOESNTCONTAIN</eval><data>U</data></crit>
			<crit><field>Info</field><eval>DOESNTCONTAIN</eval><data>*</data></crit>
		</kind>
		<kind><qty>5</qty>
			<crit><field>Rarity</field><eval>IS</eval><data>U</data></crit>
			<crit><field>Info</field><eval>DOESNTCONTAIN</eval><data>*</data></crit>
		</kind>
		<kind><qty>5</qty>
			<crit><field>Rarity</field><eval>IS</eval><data>C</data></crit>
			<crit><field>Info</field><eval>DOESNTCONTAIN</eval><data>*</data></crit>
		</kind>
	</chance>
	<chance><prob>18</prob>
		<kind><qty>1</qty>
			<crit><field>Rarity</field><eval>CONTAINS</eval><data>R</data></crit>
			<crit><field>Rarity</field><eval>DOESNTCONTAIN</eval><data>U</data></crit>
			<crit><field>Info</field><eval>DOESNTCONTAIN</eval><data>*</data></crit>
		</kind>
		<kind><qty>4</qty>
			<crit><field>Rarity</field><eval>IS</eval><data>U</data></crit>
			<crit><field>Info</field><eval>DOESNTCONTAIN</eval><data>*</data></crit>
		</kind>
		<kind><qty>6</qty>
			<crit><field>Rarity</field><eval>IS</eval><data>C</data></crit>
			<crit><field>Info</field><eval>DOESNTCONTAIN</eval><data>*</data></crit>
		</kind>
	</chance>
	<chance><prob>16</prob>
		<kind><qty>1</qty>
			<crit><field>Rarity</field><eval>CONTAINS</eval><data>R</data></crit>
			<crit><field>Rarity</field><eval>DOESNTCONTAIN</eval><data>U</data></crit>
			<crit><field>Info</field><eval>DOESNTCONTAIN</eval><data>*</data></crit>
		</kind>
		<kind><qty>3</qty>
			<crit><field>Rarity</field><eval>IS</eval><data>U</data></crit>
			<crit><field>Info</field><eval>DOESNTCONTAIN</eval><data>*</data></crit>
		</kind>
		<kind><qty>7</qty>
			<crit><field>Rarity</field><eval>IS</eval><data>C</data></crit>
			<crit><field>Info</field><eval>DOESNTCONTAIN</eval><data>*</data></crit>
		</kind>
	</chance>
	<chance><prob>8</prob>
		<kind><qty>1</qty>
			<crit><field>Rarity</field><eval>CONTAINS</eval><data>R</data></crit>
			<crit><field>Rarity</field><eval>DOESNTCONTAIN</eval><data>U</data></crit>
			<crit><field>Info</field><eval>DOESNTCONTAIN</eval><data>*</data></crit>
		</kind>
		<kind><qty>2</qty>
			<crit><field>Rarity</field><eval>IS</eval><data>U</data></crit>
			<crit><field>Info</field><eval>DOESNTCONTAIN</eval><data>*</data></crit>
		</kind>
		<kind><qty>8</qty>
			<crit><field>Rarity</field><eval>IS</eval><data>C</data></crit>
			<crit><field>Info</field><eval>DOESNTCONTAIN</eval><data>*</data></crit>
		</kind>
	</chance>
	<chance><prob>2</prob>
		<kind><qty>1</qty>
			<crit><field>Rarity</field><eval>CONTAINS</eval><data>R</data></crit>
			<crit><field>Rarity</field><eval>DOESNTCONTAIN</eval><data>U</data></crit>
			<crit><field>Info</field><eval>DOESNTCONTAIN</eval><data>*</data></crit>
		</kind>
		<kind><qty>1</qty>
			<crit><field>Rarity</field><eval>IS</eval><data>U</data></crit>
			<crit><field>Info</field><eval>DOESNTCONTAIN</eval><data>*</data></crit>
		</kind>
		<kind><qty>9</qty>
			<crit><field>Rarity</field><eval>IS</eval><data>C</data></crit>
			<crit><field>Info</field><eval>DOESNTCONTAIN</eval><data>*</data></crit>
		</kind>
	</chance>
	<chance><prob>4</prob>
		<kind><qty>1</qty>
			<crit><field>Rarity</field><eval>CONTAINS</eval><data>R+</data></crit>
			<crit><field>Info</field><eval>DOESNTCONTAIN</eval><data>*</data></crit>
		</kind>
		<kind><qty>6</qty>
			<crit><field>Rarity</field><eval>IS</eval><data>U</data></crit>
			<crit><field>Info</field><eval>DOESNTCONTAIN</eval><data>*</data></crit>
		</kind>
		<kind><qty>4</qty>
			<crit><field>Rarity</field><eval>IS</eval><data>C</data></crit>
			<crit><field>Info</field><eval>DOESNTCONTAIN</eval><data>*</data></crit>
		</kind>
	</chance>
	<chance><prob>7</prob>
		<kind><qty>1</qty>
			<crit><field>Rarity</field><eval>CONTAINS</eval><data>R+</data></crit>
			<crit><field>Info</field><eval>DOESNTCONTAIN</eval><data>*</data></crit>
		</kind>
		<kind><qty>5</qty>
			<crit><field>Rarity</field><eval>IS</eval><data>U</data></crit>
			<crit><field>Info</field><eval>DOESNTCONTAIN</eval><data>*</data></crit>
		</kind>
		<kind><qty>5</qty>
			<crit><field>Info</field><eval>DOESNTCONTAIN</eval><data>*</data></crit>
			<crit><field>Rarity</field><eval>IS</eval><data>C</data></crit>
		</kind>
	</chance>
	<chance><prob>9</prob>
		<kind><qty>1</qty>
			<crit><field>Rarity</field><eval>CONTAINS</eval><data>R+</data></crit>
			<crit><field>Info</field><eval>DOESNTCONTAIN</eval><data>*</data></crit>
		</kind>
		<kind><qty>4</qty>
			<crit><field>Rarity</field><eval>IS</eval><data>U</data></crit>
			<crit><field>Info</field><eval>DOESNTCONTAIN</eval><data>*</data></crit>
		</kind>
		<kind><qty>6</qty>
			<crit><field>Rarity</field><eval>IS</eval><data>C</data></crit>
			<crit><field>Info</field><eval>DOESNTCONTAIN</eval><data>*</data></crit>
		</kind>
	</chance>
	<chance><prob>8</prob>
		<kind><qty>1</qty>
			<crit><field>Rarity</field><eval>CONTAINS</eval><data>R+</data></crit>
			<crit><field>Info</field><eval>DOESNTCONTAIN</eval><data>*</data></crit>
		</kind>
		<kind><qty>3</qty>
			<crit><field>Rarity</field><eval>IS</eval><data>U</data></crit>
			<crit><field>Info</field><eval>DOESNTCONTAIN</eval><data>*</data></crit>
		</kind>
		<kind><qty>7</qty>
			<crit><field>Rarity</field><eval>IS</eval><data>C</data></crit>
			<crit><field>Info</field><eval>DOESNTCONTAIN</eval><data>*</data></crit>
		</kind>
	</chance>
	<chance><prob>4</prob>
		<kind><qty>1</qty>
			<crit><field>Rarity</field><eval>CONTAINS</eval><data>R+</data></crit>
			<crit><field>Info</field><eval>DOESNTCONTAIN</eval><data>*</data></crit>
		</kind>
		<kind><qty>2</qty>
			<crit><field>Rarity</field><eval>IS</eval><data>U</data></crit>
			<crit><field>Info</field><eval>DOESNTCONTAIN</eval><data>*</data></crit>
		</kind>
		<kind><qty>8</qty>
			<crit><field>Rarity</field><eval>IS</eval><data>C</data></crit>
			<crit><field>Info</field><eval>DOESNTCONTAIN</eval><data>*</data></crit>
		</kind>
	</chance>
	<chance><prob>1</prob>
		<kind><qty>1</qty>
			<crit><field>Rarity</field><eval>CONTAINS</eval><data>R+</data></crit>
			<crit><field>Info</field><eval>DOESNTCONTAIN</eval><data>*</data></crit>
		</kind>
		<kind><qty>1</qty>
			<crit><field>Rarity</field><eval>IS</eval><data>U</data></crit>
			<crit><field>Info</field><eval>DOESNTCONTAIN</eval><data>*</data></crit>
		</kind>
		<kind><qty>9</qty>
			<crit><field>Rarity</field><eval>IS</eval><data>C</data></crit>
			<crit><field>Info</field><eval>DOESNTCONTAIN</eval><data>*</data></crit>
		</kind>
	</chance>
	<chance><prob>1</prob>
		<kind><qty>1</qty>
			<crit><field>Rarity</field><eval>CONTAINS</eval><data>UR</data></crit>
			<crit><field>Info</field><eval>DOESNTCONTAIN</eval><data>*</data></crit>
		</kind>
		<kind><qty>3</qty>
			<crit><field>Rarity</field><eval>IS</eval><data>U</data></crit>
			<crit><field>Info</field><eval>DOESNTCONTAIN</eval><data>*</data></crit>
		</kind>
		<kind><qty>7</qty>
			<crit><field>Rarity</field><eval>IS</eval><data>C</data></crit>
			<crit><field>Info</field><eval>DOESNTCONTAIN</eval><data>*</data></crit>
		</kind>
	</chance>
</pack>
</packdefinitions>