<packdefinitions version="1.0"><pack>	<packtitle>Voyager Starter</packtitle>	<packimage>voyager_starter</packimage>	<packformat>Standard</packformat>	<packkind>Sealed Deck</packkind>	<packdoubles>yes</packdoubles>	<packcommoncrit><field>Release</field><eval>IS</eval><data>Voy</data></packcommoncrit><chance><prob>13</prob>				<kind><qty>1</qty><crit><field>Info</field><eval>IS</eval><data>168 S</data></crit></kind><kind><qty>1</qty><crit><field>Info</field><eval>IS</eval><data>23 C</data></crit></kind><kind><qty>1</qty><crit><field>Info</field><eval>IS</eval><data>56 S</data></crit></kind><kind><qty>1</qty><crit><field>Info</field><eval>IS</eval><data>169 C</data></crit></kind><kind><qty>1</qty><crit><field>Info</field><eval>IS</eval><data>130 U</data></crit></kind><kind><qty>1</qty><crit><field>Info</field><eval>IS</eval><data>104 U</data></crit></kind><kind><qty>1</qty><crit><field>Info</field><eval>IS</eval><data>10 S</data></crit></kind><kind><qty>1</qty><crit><field>Info</field><eval>IS</eval><data>58 C</data></crit></kind><kind><qty>1</qty><crit><field>Info</field><eval>IS</eval><data>42 S</data></crit></kind><kind><qty>1</qty><crit><field>Info</field><eval>IS</eval><data>191 C</data></crit></kind><kind><qty>1</qty><crit><field>Info</field><eval>IS</eval><data>135 C</data></crit></kind><kind><qty>1</qty><crit><field>Info</field><eval>IS</eval><data>5 C</data></crit></kind><kind><qty>1</qty><crit><field>Info</field><eval>IS</eval><data>139 C</data></crit></kind><kind><qty>1</qty><crit><field>Info</field><eval>IS</eval><data>79 U</data></crit></kind><kind><qty>1</qty><crit><field>Info</field><eval>IS</eval><data>121 C</data></crit></kind><kind><qty>1</qty><crit><field>Info</field><eval>IS</eval><data>133 C</data></crit></kind><kind><qty>1</qty><crit><field>Info</field><eval>IS</eval><data>17 S</data></crit></kind><kind><qty>1</qty><crit><field>Info</field><eval>IS</eval><data>64 C</data></crit></kind><kind><qty>1</qty><crit><field>Info</field><eval>IS</eval><data>118 U</data></crit></kind><kind><qty>1</qty><crit><field>Info</field><eval>IS</eval><data>193 C</data></crit></kind><kind><qty>1</qty><crit><field>Info</field><eval>IS</eval><data>88 U</data></crit></kind><kind><qty>1</qty><crit><field>Info</field><eval>IS</eval><data>14 C</data></crit></kind><kind><qty>1</qty><crit><field>Info</field><eval>IS</eval><data>114 C</data></crit></kind><kind><qty>1</qty><crit><field>Info</field><eval>IS</eval><data>39 S</data></crit></kind><kind><qty>1</qty><crit><field>Info</field><eval>IS</eval><data>156 C</data></crit></kind><kind><qty>1</qty><crit><field>Info</field><eval>IS</eval><data>51 U</data></crit></kind><kind><qty>1</qty><crit><field>Info</field><eval>IS</eval><data>22 S</data></crit></kind><kind><qty>1</qty><crit><field>Info</field><eval>IS</eval><data>147 U</data></crit></kind><kind><qty>1</qty><crit><field>Info</field><eval>IS</eval><data>84 U</data></crit></kind><kind><qty>1</qty><crit><field>Info</field><eval>IS</eval><data>195 C</data></crit></kind><kind><qty>1</qty><crit><field>Info</field><eval>IS</eval><data>166 S</data></crit></kind><kind><qty>1</qty><crit><field>Info</field><eval>IS</eval><data>8 S</data></crit></kind><kind><qty>2</qty><crit><field>Rarity</field><eval>IS</eval><data>R</data></crit></kind><kind><qty>6</qty><crit><field>Rarity</field><eval>IS</eval><data>C</data></crit></kind></chance>				<chance><prob>13</prob>				<kind><qty>1</qty><crit><field>Info</field><eval>IS</eval><data>166 S</data></crit></kind><kind><qty>1</qty><crit><field>Info</field><eval>IS</eval><data>8 S</data></crit></kind><kind><qty>1</qty><crit><field>Info</field><eval>IS</eval><data>56 S</data></crit></kind><kind><qty>1</qty><crit><field>Info</field><eval>IS</eval><data>125 U*</data></crit></kind><kind><qty>1</qty><crit><field>Info</field><eval>IS</eval><data>169 C</data></crit></kind><kind><qty>1</qty><crit><field>Info</field><eval>IS</eval><data>95 U</data></crit></kind><kind><qty>1</qty><crit><field>Info</field><eval>IS</eval><data>21 S</data></crit></kind><kind><qty>1</qty><crit><field>Info</field><eval>IS</eval><data>150 C</data></crit></kind><kind><qty>1</qty><crit><field>Info</field><eval>IS</eval><data>34 S</data></crit></kind><kind><qty>1</qty><crit><field>Info</field><eval>IS</eval><data>196 C</data></crit></kind><kind><qty>1</qty><crit><field>Info</field><eval>IS</eval><data>152 C</data></crit></kind><kind><qty>1</qty><crit><field>Info</field><eval>IS</eval><data>12 S</data></crit></kind><kind><qty>1</qty><crit><field>Info</field><eval>IS</eval><data>153 C</data></crit></kind><kind><qty>1</qty><crit><field>Info</field><eval>IS</eval><data>102 U</data></crit></kind><kind><qty>1</qty><crit><field>Info</field><eval>IS</eval><data>142 C</data></crit></kind><kind><qty>1</qty><crit><field>Info</field><eval>IS</eval><data>145 C</data></crit></kind><kind><qty>1</qty><crit><field>Info</field><eval>IS</eval><data>6 S</data></crit></kind><kind><qty>1</qty><crit><field>Info</field><eval>IS</eval><data>64 C</data></crit></kind><kind><qty>1</qty><crit><field>Info</field><eval>IS</eval><data>156 C</data></crit></kind><kind><qty>1</qty><crit><field>Info</field><eval>IS</eval><data>196 C</data></crit></kind><kind><qty>1</qty><crit><field>Info</field><eval>IS</eval><data>81 U</data></crit></kind><kind><qty>1</qty><crit><field>Info</field><eval>IS</eval><data>7 S</data></crit></kind><kind><qty>1</qty><crit><field>Info</field><eval>IS</eval><data>50 U</data></crit></kind><kind><qty>1</qty><crit><field>Info</field><eval>IS</eval><data>44 C</data></crit></kind><kind><qty>1</qty><crit><field>Info</field><eval>IS</eval><data>157 C</data></crit></kind><kind><qty>1</qty><crit><field>Info</field><eval>IS</eval><data>145 C</data></crit></kind><kind><qty>1</qty><crit><field>Info</field><eval>IS</eval><data>10 S</data></crit></kind><kind><qty>1</qty><crit><field>Info</field><eval>IS</eval><data>150 C</data></crit></kind><kind><qty>1</qty><crit><field>Info</field><eval>IS</eval><data>85 C</data></crit></kind><kind><qty>1</qty><crit><field>Info</field><eval>IS</eval><data>195 C</data></crit></kind><kind><qty>1</qty><crit><field>Info</field><eval>IS</eval><data>168 S</data></crit></kind><kind><qty>1</qty><crit><field>Info</field><eval>IS</eval><data>19 S</data></crit></kind><kind><qty>2</qty><crit><field>Rarity</field><eval>IS</eval><data>R</data></crit></kind><kind><qty>6</qty><crit><field>Rarity</field><eval>IS</eval><data>C</data></crit></kind></chance>				<chance><prob>13</prob>				<kind><qty>1</qty><crit><field>Info</field><eval>IS</eval><data>168 S</data></crit></kind><kind><qty>1</qty><crit><field>Info</field><eval>IS</eval><data>19 S</data></crit></kind><kind><qty>1</qty><crit><field>Info</field><eval>IS</eval><data>56 S</data></crit></kind><kind><qty>1</qty><crit><field>Info</field><eval>IS</eval><data>185 C</data></crit></kind><kind><qty>1</qty><crit><field>Info</field><eval>IS</eval><data>179 C</data></crit></kind><kind><qty>1</qty><crit><field>Info</field><eval>IS</eval><data>101 U</data></crit></kind><kind><qty>1</qty><crit><field>Info</field><eval>IS</eval><data>17 S</data></crit></kind><kind><qty>1</qty><crit><field>Info</field><eval>IS</eval><data>183 C</data></crit></kind><kind><qty>1</qty><crit><field>Info</field><eval>IS</eval><data>38 S</data></crit></kind><kind><qty>1</qty><crit><field>Info</field><eval>IS</eval><data>201 C</data></crit></kind><kind><qty>1</qty><crit><field>Info</field><eval>IS</eval><data>181 C</data></crit></kind><kind><qty>1</qty><crit><field>Info</field><eval>IS</eval><data>2 S</data></crit></kind><kind><qty>1</qty><crit><field>Info</field><eval>IS</eval><data>188 C</data></crit></kind><kind><qty>1</qty><crit><field>Info</field><eval>IS</eval><data>78 U</data></crit></kind><kind><qty>1</qty><crit><field>Info</field><eval>IS</eval><data>124 C*</data></crit></kind><kind><qty>1</qty><crit><field>Info</field><eval>IS</eval><data>180 C</data></crit></kind><kind><qty>1</qty><crit><field>Info</field><eval>IS</eval><data>22 S</data></crit></kind><kind><qty>1</qty><crit><field>Info</field><eval>IS</eval><data>65 C</data></crit></kind><kind><qty>1</qty><crit><field>Info</field><eval>IS</eval><data>179 C</data></crit></kind><kind><qty>1</qty><crit><field>Info</field><eval>IS</eval><data>200 C</data></crit></kind><kind><qty>1</qty><crit><field>Info</field><eval>IS</eval><data>89 U</data></crit></kind><kind><qty>1</qty><crit><field>Info</field><eval>IS</eval><data>27 C</data></crit></kind><kind><qty>1</qty><crit><field>Info</field><eval>IS</eval><data>124 C*</data></crit></kind><kind><qty>1</qty><crit><field>Info</field><eval>IS</eval><data>45 U</data></crit></kind><kind><qty>1</qty><crit><field>Info</field><eval>IS</eval><data>189 C</data></crit></kind><kind><qty>1</qty><crit><field>Info</field><eval>IS</eval><data>54 C</data></crit></kind><kind><qty>1</qty><crit><field>Info</field><eval>IS</eval><data>12 S</data></crit></kind><kind><qty>1</qty><crit><field>Info</field><eval>IS</eval><data>185 C</data></crit></kind><kind><qty>1</qty><crit><field>Info</field><eval>IS</eval><data>100 U</data></crit></kind><kind><qty>1</qty><crit><field>Info</field><eval>IS</eval><data>201 C</data></crit></kind><kind><qty>1</qty><crit><field>Info</field><eval>IS</eval><data>166 S</data></crit></kind><kind><qty>1</qty><crit><field>Info</field><eval>IS</eval><data>20 S</data></crit></kind><kind><qty>2</qty><crit><field>Rarity</field><eval>IS</eval><data>R</data></crit></kind><kind><qty>6</qty><crit><field>Rarity</field><eval>IS</eval><data>C</data></crit></kind></chance>				<chance><prob>13</prob>				<kind><qty>1</qty><crit><field>Info</field><eval>IS</eval><data>166 S</data></crit></kind><kind><qty>1</qty><crit><field>Info</field><eval>IS</eval><data>20 S</data></crit></kind><kind><qty>1</qty><crit><field>Info</field><eval>IS</eval><data>56 S</data></crit></kind><kind><qty>1</qty><crit><field>Info</field><eval>IS</eval><data>183 C</data></crit></kind><kind><qty>1</qty><crit><field>Info</field><eval>IS</eval><data>184 C</data></crit></kind><kind><qty>1</qty><crit><field>Info</field><eval>IS</eval><data>94 U</data></crit></kind><kind><qty>1</qty><crit><field>Info</field><eval>IS</eval><data>15 C</data></crit></kind><kind><qty>1</qty><crit><field>Info</field><eval>IS</eval><data>186 C</data></crit></kind><kind><qty>1</qty><crit><field>Info</field><eval>IS</eval><data>35 S</data></crit></kind><kind><qty>1</qty><crit><field>Info</field><eval>IS</eval><data>200 C</data></crit></kind><kind><qty>1</qty><crit><field>Info</field><eval>IS</eval><data>181 C</data></crit></kind><kind><qty>1</qty><crit><field>Info</field><eval>IS</eval><data>2 S</data></crit></kind><kind><qty>1</qty><crit><field>Info</field><eval>IS</eval><data>82 U</data></crit></kind><kind><qty>1</qty><crit><field>Info</field><eval>IS</eval><data>180 C</data></crit></kind><kind><qty>1</qty><crit><field>Info</field><eval>IS</eval><data>133 C</data></crit></kind><kind><qty>1</qty><crit><field>Info</field><eval>IS</eval><data>21 S</data></crit></kind><kind><qty>1</qty><crit><field>Info</field><eval>IS</eval><data>65 C</data></crit></kind><kind><qty>1</qty><crit><field>Info</field><eval>IS</eval><data>139 C</data></crit></kind><kind><qty>1</qty><crit><field>Info</field><eval>IS</eval><data>125 U</data></crit></kind><kind><qty>1</qty><crit><field>Info</field><eval>IS</eval><data>191 C</data></crit></kind><kind><qty>1</qty><crit><field>Info</field><eval>IS</eval><data>83 C</data></crit></kind><kind><qty>1</qty><crit><field>Info</field><eval>IS</eval><data>7 S</data></crit></kind><kind><qty>1</qty><crit><field>Info</field><eval>IS</eval><data>114 C</data></crit></kind><kind><qty>1</qty><crit><field>Info</field><eval>IS</eval><data>41 S</data></crit></kind><kind><qty>1</qty><crit><field>Info</field><eval>IS</eval><data>119 C</data></crit></kind><kind><qty>1</qty><crit><field>Info</field><eval>IS</eval><data>129 U</data></crit></kind><kind><qty>1</qty><crit><field>Info</field><eval>IS</eval><data>6 S</data></crit></kind><kind><qty>1</qty><crit><field>Info</field><eval>IS</eval><data>116 C</data></crit></kind><kind><qty>1</qty><crit><field>Info</field><eval>IS</eval><data>97 U</data></crit></kind><kind><qty>1</qty><crit><field>Info</field><eval>IS</eval><data>193 C</data></crit></kind><kind><qty>1</qty><crit><field>Info</field><eval>IS</eval><data>168 S</data></crit></kind><kind><qty>1</qty><crit><field>Info</field><eval>IS</eval><data>23 C</data></crit></kind><kind><qty>2</qty><crit><field>Rarity</field><eval>IS</eval><data>R</data></crit></kind><kind><qty>6</qty><crit><field>Rarity</field><eval>IS</eval><data>C</data></crit></kind></chance>				<chance><prob>12</prob>				<kind><qty>1</qty><crit><field>Info</field><eval>IS</eval><data>39 S</data></crit></kind><kind><qty>1</qty><crit><field>Info</field><eval>IS</eval><data>156 C</data></crit></kind><kind><qty>1</qty><crit><field>Info</field><eval>IS</eval><data>51 U</data></crit></kind><kind><qty>1</qty><crit><field>Info</field><eval>IS</eval><data>22 S</data></crit></kind><kind><qty>1</qty><crit><field>Info</field><eval>IS</eval><data>147 U</data></crit></kind><kind><qty>1</qty><crit><field>Info</field><eval>IS</eval><data>84 U</data></crit></kind><kind><qty>1</qty><crit><field>Info</field><eval>IS</eval><data>195 C</data></crit></kind><kind><qty>1</qty><crit><field>Info</field><eval>IS</eval><data>166 S</data></crit></kind><kind><qty>1</qty><crit><field>Info</field><eval>IS</eval><data>8 S</data></crit></kind><kind><qty>1</qty><crit><field>Info</field><eval>IS</eval><data>56 S</data></crit></kind><kind><qty>1</qty><crit><field>Info</field><eval>IS</eval><data>125 U*</data></crit></kind><kind><qty>1</qty><crit><field>Info</field><eval>IS</eval><data>169 C</data></crit></kind><kind><qty>1</qty><crit><field>Info</field><eval>IS</eval><data>95 U</data></crit></kind><kind><qty>1</qty><crit><field>Info</field><eval>IS</eval><data>21 S</data></crit></kind><kind><qty>1</qty><crit><field>Info</field><eval>IS</eval><data>150 C</data></crit></kind><kind><qty>1</qty><crit><field>Info</field><eval>IS</eval><data>34 S</data></crit></kind><kind><qty>1</qty><crit><field>Info</field><eval>IS</eval><data>196 C</data></crit></kind><kind><qty>1</qty><crit><field>Info</field><eval>IS</eval><data>152 C</data></crit></kind><kind><qty>1</qty><crit><field>Info</field><eval>IS</eval><data>12 S</data></crit></kind><kind><qty>1</qty><crit><field>Info</field><eval>IS</eval><data>153 C</data></crit></kind><kind><qty>1</qty><crit><field>Info</field><eval>IS</eval><data>102 U</data></crit></kind><kind><qty>1</qty><crit><field>Info</field><eval>IS</eval><data>142 C</data></crit></kind><kind><qty>1</qty><crit><field>Info</field><eval>IS</eval><data>145 C</data></crit></kind><kind><qty>1</qty><crit><field>Info</field><eval>IS</eval><data>6 S</data></crit></kind><kind><qty>1</qty><crit><field>Info</field><eval>IS</eval><data>64 C</data></crit></kind><kind><qty>1</qty><crit><field>Info</field><eval>IS</eval><data>156 C</data></crit></kind><kind><qty>1</qty><crit><field>Info</field><eval>IS</eval><data>196 C</data></crit></kind><kind><qty>1</qty><crit><field>Info</field><eval>IS</eval><data>81 U</data></crit></kind><kind><qty>1</qty><crit><field>Info</field><eval>IS</eval><data>7 S</data></crit></kind><kind><qty>1</qty><crit><field>Info</field><eval>IS</eval><data>50 U</data></crit></kind><kind><qty>1</qty><crit><field>Info</field><eval>IS</eval><data>44 C</data></crit></kind><kind><qty>1</qty><crit><field>Info</field><eval>IS</eval><data>157 C</data></crit></kind><kind><qty>2</qty><crit><field>Rarity</field><eval>IS</eval><data>R</data></crit></kind><kind><qty>6</qty><crit><field>Rarity</field><eval>IS</eval><data>C</data></crit></kind></chance>				<chance><prob>12</prob>				<kind><qty>1</qty><crit><field>Info</field><eval>IS</eval><data>183 C</data></crit></kind><kind><qty>1</qty><crit><field>Info</field><eval>IS</eval><data>38 S</data></crit></kind><kind><qty>1</qty><crit><field>Info</field><eval>IS</eval><data>201 C</data></crit></kind><kind><qty>1</qty><crit><field>Info</field><eval>IS</eval><data>181 C</data></crit></kind><kind><qty>1</qty><crit><field>Info</field><eval>IS</eval><data>2 S</data></crit></kind><kind><qty>1</qty><crit><field>Info</field><eval>IS</eval><data>188 C</data></crit></kind><kind><qty>1</qty><crit><field>Info</field><eval>IS</eval><data>78 U</data></crit></kind><kind><qty>1</qty><crit><field>Info</field><eval>IS</eval><data>124 C*</data></crit></kind><kind><qty>1</qty><crit><field>Info</field><eval>IS</eval><data>180 C</data></crit></kind><kind><qty>1</qty><crit><field>Info</field><eval>IS</eval><data>22 S</data></crit></kind><kind><qty>1</qty><crit><field>Info</field><eval>IS</eval><data>65 C</data></crit></kind><kind><qty>1</qty><crit><field>Info</field><eval>IS</eval><data>179 C</data></crit></kind><kind><qty>1</qty><crit><field>Info</field><eval>IS</eval><data>200 C</data></crit></kind><kind><qty>1</qty><crit><field>Info</field><eval>IS</eval><data>89 U</data></crit></kind><kind><qty>1</qty><crit><field>Info</field><eval>IS</eval><data>27 C</data></crit></kind><kind><qty>1</qty><crit><field>Info</field><eval>IS</eval><data>124 C*</data></crit></kind><kind><qty>1</qty><crit><field>Info</field><eval>IS</eval><data>45 U</data></crit></kind><kind><qty>1</qty><crit><field>Info</field><eval>IS</eval><data>189 C</data></crit></kind><kind><qty>1</qty><crit><field>Info</field><eval>IS</eval><data>54 C</data></crit></kind><kind><qty>1</qty><crit><field>Info</field><eval>IS</eval><data>12 S</data></crit></kind><kind><qty>1</qty><crit><field>Info</field><eval>IS</eval><data>185 C</data></crit></kind><kind><qty>1</qty><crit><field>Info</field><eval>IS</eval><data>100 U</data></crit></kind><kind><qty>1</qty><crit><field>Info</field><eval>IS</eval><data>201 C</data></crit></kind><kind><qty>1</qty><crit><field>Info</field><eval>IS</eval><data>166 S</data></crit></kind><kind><qty>1</qty><crit><field>Info</field><eval>IS</eval><data>20 S</data></crit></kind><kind><qty>1</qty><crit><field>Info</field><eval>IS</eval><data>56 S</data></crit></kind><kind><qty>1</qty><crit><field>Info</field><eval>IS</eval><data>183 C</data></crit></kind><kind><qty>1</qty><crit><field>Info</field><eval>IS</eval><data>184 C</data></crit></kind><kind><qty>1</qty><crit><field>Info</field><eval>IS</eval><data>94 U</data></crit></kind><kind><qty>1</qty><crit><field>Info</field><eval>IS</eval><data>15 C</data></crit></kind><kind><qty>1</qty><crit><field>Info</field><eval>IS</eval><data>186 C</data></crit></kind><kind><qty>1</qty><crit><field>Info</field><eval>IS</eval><data>35 S</data></crit></kind><kind><qty>2</qty><crit><field>Rarity</field><eval>IS</eval><data>R</data></crit></kind><kind><qty>6</qty><crit><field>Rarity</field><eval>IS</eval><data>C</data></crit></kind></chance>				<chance><prob>12</prob>				<kind><qty>1</qty><crit><field>Info</field><eval>IS</eval><data>114 C</data></crit></kind><kind><qty>1</qty><crit><field>Info</field><eval>IS</eval><data>41 S</data></crit></kind><kind><qty>1</qty><crit><field>Info</field><eval>IS</eval><data>119 C</data></crit></kind><kind><qty>1</qty><crit><field>Info</field><eval>IS</eval><data>129 U</data></crit></kind><kind><qty>1</qty><crit><field>Info</field><eval>IS</eval><data>6 S</data></crit></kind><kind><qty>1</qty><crit><field>Info</field><eval>IS</eval><data>116 C</data></crit></kind><kind><qty>1</qty><crit><field>Info</field><eval>IS</eval><data>97 U</data></crit></kind><kind><qty>1</qty><crit><field>Info</field><eval>IS</eval><data>193 C</data></crit></kind><kind><qty>1</qty><crit><field>Info</field><eval>IS</eval><data>168 S</data></crit></kind><kind><qty>1</qty><crit><field>Info</field><eval>IS</eval><data>23 C</data></crit></kind><kind><qty>1</qty><crit><field>Info</field><eval>IS</eval><data>56 S</data></crit></kind><kind><qty>1</qty><crit><field>Info</field><eval>IS</eval><data>169 C</data></crit></kind><kind><qty>1</qty><crit><field>Info</field><eval>IS</eval><data>130 U</data></crit></kind><kind><qty>1</qty><crit><field>Info</field><eval>IS</eval><data>104 U</data></crit></kind><kind><qty>1</qty><crit><field>Info</field><eval>IS</eval><data>10 S</data></crit></kind><kind><qty>1</qty><crit><field>Info</field><eval>IS</eval><data>58 C</data></crit></kind><kind><qty>1</qty><crit><field>Info</field><eval>IS</eval><data>42 S</data></crit></kind><kind><qty>1</qty><crit><field>Info</field><eval>IS</eval><data>191 C</data></crit></kind><kind><qty>1</qty><crit><field>Info</field><eval>IS</eval><data>135 C</data></crit></kind><kind><qty>1</qty><crit><field>Info</field><eval>IS</eval><data>5 C</data></crit></kind><kind><qty>1</qty><crit><field>Info</field><eval>IS</eval><data>139 C</data></crit></kind><kind><qty>1</qty><crit><field>Info</field><eval>IS</eval><data>79 U</data></crit></kind><kind><qty>1</qty><crit><field>Info</field><eval>IS</eval><data>121 C</data></crit></kind><kind><qty>1</qty><crit><field>Info</field><eval>IS</eval><data>133 C</data></crit></kind><kind><qty>1</qty><crit><field>Info</field><eval>IS</eval><data>17 S</data></crit></kind><kind><qty>1</qty><crit><field>Info</field><eval>IS</eval><data>64 C</data></crit></kind><kind><qty>1</qty><crit><field>Info</field><eval>IS</eval><data>118 U</data></crit></kind><kind><qty>1</qty><crit><field>Info</field><eval>IS</eval><data>193 C</data></crit></kind><kind><qty>1</qty><crit><field>Info</field><eval>IS</eval><data>88 U</data></crit></kind><kind><qty>1</qty><crit><field>Info</field><eval>IS</eval><data>14 C</data></crit></kind><kind><qty>1</qty><crit><field>Info</field><eval>IS</eval><data>114 C</data></crit></kind><kind><qty>1</qty><crit><field>Info</field><eval>IS</eval><data>39 S</data></crit></kind><kind><qty>2</qty><crit><field>Rarity</field><eval>IS</eval><data>R</data></crit></kind><kind><qty>6</qty><crit><field>Rarity</field><eval>IS</eval><data>C</data></crit></kind></chance>				<chance><prob>12</prob>				<kind><qty>1</qty><crit><field>Info</field><eval>IS</eval><data>121 C</data></crit></kind><kind><qty>1</qty><crit><field>Info</field><eval>IS</eval><data>133 C</data></crit></kind><kind><qty>1</qty><crit><field>Info</field><eval>IS</eval><data>17 S</data></crit></kind><kind><qty>1</qty><crit><field>Info</field><eval>IS</eval><data>64 C</data></crit></kind><kind><qty>1</qty><crit><field>Info</field><eval>IS</eval><data>118 U</data></crit></kind><kind><qty>1</qty><crit><field>Info</field><eval>IS</eval><data>193 C</data></crit></kind><kind><qty>1</qty><crit><field>Info</field><eval>IS</eval><data>88 U</data></crit></kind><kind><qty>1</qty><crit><field>Info</field><eval>IS</eval><data>14 C</data></crit></kind><kind><qty>1</qty><crit><field>Info</field><eval>IS</eval><data>114 C</data></crit></kind><kind><qty>1</qty><crit><field>Info</field><eval>IS</eval><data>39 S</data></crit></kind><kind><qty>1</qty><crit><field>Info</field><eval>IS</eval><data>156 C</data></crit></kind><kind><qty>1</qty><crit><field>Info</field><eval>IS</eval><data>51 U</data></crit></kind><kind><qty>1</qty><crit><field>Info</field><eval>IS</eval><data>22 S</data></crit></kind><kind><qty>1</qty><crit><field>Info</field><eval>IS</eval><data>147 U</data></crit></kind><kind><qty>1</qty><crit><field>Info</field><eval>IS</eval><data>84 U</data></crit></kind><kind><qty>1</qty><crit><field>Info</field><eval>IS</eval><data>195 C</data></crit></kind><kind><qty>1</qty><crit><field>Info</field><eval>IS</eval><data>166 S</data></crit></kind><kind><qty>1</qty><crit><field>Info</field><eval>IS</eval><data>8 S</data></crit></kind><kind><qty>1</qty><crit><field>Info</field><eval>IS</eval><data>56 S</data></crit></kind><kind><qty>1</qty><crit><field>Info</field><eval>IS</eval><data>125 U*</data></crit></kind><kind><qty>1</qty><crit><field>Info</field><eval>IS</eval><data>169 C</data></crit></kind><kind><qty>1</qty><crit><field>Info</field><eval>IS</eval><data>95 U</data></crit></kind><kind><qty>1</qty><crit><field>Info</field><eval>IS</eval><data>21 S</data></crit></kind><kind><qty>1</qty><crit><field>Info</field><eval>IS</eval><data>150 C</data></crit></kind><kind><qty>1</qty><crit><field>Info</field><eval>IS</eval><data>34 S</data></crit></kind><kind><qty>1</qty><crit><field>Info</field><eval>IS</eval><data>196 C</data></crit></kind><kind><qty>1</qty><crit><field>Info</field><eval>IS</eval><data>152 C</data></crit></kind><kind><qty>1</qty><crit><field>Info</field><eval>IS</eval><data>12 S</data></crit></kind><kind><qty>1</qty><crit><field>Info</field><eval>IS</eval><data>153 C</data></crit></kind><kind><qty>1</qty><crit><field>Info</field><eval>IS</eval><data>102 U</data></crit></kind><kind><qty>1</qty><crit><field>Info</field><eval>IS</eval><data>142 C</data></crit></kind><kind><qty>1</qty><crit><field>Info</field><eval>IS</eval><data>145 C</data></crit></kind><kind><qty>2</qty><crit><field>Rarity</field><eval>IS</eval><data>R</data></crit></kind><kind><qty>6</qty><crit><field>Rarity</field><eval>IS</eval><data>C</data></crit></kind></chance></pack></packdefinitions>